Order No,Order Date,Customer Name,Address,City,State,Customer Type,Account Manager,Order Priority,Product Name,Product Category,Product Container,Ship Mode,Ship Date,Cost Price,Retail Price,Order Quantity,Sub Total,Discount%,Discount $,Order Total,Shipping Cost,Total
5207-1,13/8/9,Aaron Bergman,"Westfield Sydney,Sydney",Sydney,NSW,Corporate,Natasha Song,Low,Cando S750 Color Inkjet Printer,Technology,Jumbo Drum,Delivery Truck,2013-08-16,75.00,120.97,35,4233.95,8,338.72,4233.87,26.30,4260.17
5213-1,13/8/15,Aaron Bergman,"Westfield Sydney,Sydney",Sydney,NSW,Corporate,Natasha Song,High,Steady Liquid Accent Tank-Style Highlighters,Office Supplies,Wrap Bag,Express Air,2013-08-16,1.31,2.84,13,36.92,1,0.37,36.91,0.93,37.84
5607-1,14/9/4,Aaron Bergman,"Westfield Sydney,Sydney",Sydney,NSW,Corporate,Natasha Song,Not Specified,Apex Preferred Stainless Steel Scissors,Office Supplies,Small Pack,Regular Air,2014-09-05,2.50,5.68,23,130.64,1,1.31,130.63,3.60,134.23
5043-1,13/3/23,Aaron Smayling,"1737 Botany Rd,Banksmeadow",Sydney,NSW,Small Business,Nicholas Fernandes,High,Smiths Gold Paper Clips,Office Supplies,Wrap Bag,Regular Air,2013-03-26,1.82,2.98,22,65.56,4,2.62,65.52,1.58,67.10
5135-1,13/6/20,Aaron Smayling,"1737 Botany Rd,Banksmeadow",Sydney,NSW,Small Business,Nicholas Fernandes,Medium,"OIC Colored Binder Clips, Assorted Sizes",Office Supplies,Wrap Bag,Regular Air,2013-06-21,2.29,3.58,10,35.80,5,1.79,35.75,1.63,37.38
5163-1,13/7/6,Aaron Smayling,"1737 Botany Rd,Banksmeadow",Sydney,NSW,Small Business,Nicholas Fernandes,Medium,"TypeRight  Top-Opening Peel & Seel  Envelopes, Gray",Office Supplies,Small Box,Regular Air,2013-07-06,21.56,35.94,28,1006.32,1,10.06,1006.31,6.66,1012.97
5150-1,13/6/29,Adam Bellavance,"106 Ebley Street,Bondi Junction",Sydney,NSW,Small Business,Leighton Forrest,Not Specified,HFX 6S Scientific Calculator,Technology,Medium Box,Regular Air,2013-07-01,7.92,12.99,49,636.51,7,44.56,636.44,9.44,645.88
5435-1,14/3/10,Adam Hart,"2a/285A Crown St,Surry Hills",Sydney,NSW,Corporate,Phoebe Gour,Not Specified,Artisan 481 Labels,Office Supplies,Small Box,Regular Air,2014-03-11,1.94,3.08,1,3.08,8,0.25,3.00,0.99,3.99
5178-1,13/7/21,Adam Shillingsburg,"Westfield Parramatta,Parramatta",Sydney,NSW,Corporate,Stevie Bacata,High,Cando PC940 Copier,Technology,Jumbo Drum,Delivery Truck,2013-07-23,278.99,449.99,12,5399.88,6,323.99,5399.82,49.00,5448.82
5586-1,14/8/11,Adrian Hane,"180 High Street,Windsor",Melbourne,VIC,Corporate,Connor Betts,Medium,Steady Major Accent Highlighters,Office Supplies,Wrap Bag,Regular Air,2014-08-13,3.75,7.08,47,332.76,10,33.28,332.66,2.35,335.01
6254-1,16/4/5,Adrian Shami,"Sydney Fish Market, Bank Street, Sydney",Sydney,NSW,Consumer,Phoebe Gour,Low,Apex Forged Steel Scissors with Black Enamel Handles,Office Supplies,Small Pack,Regular Air,2016-04-11,4.10,9.31,35,325.85,5,16.29,325.80,3.98,329.78
6491-1,16/11/14,Alan Barnes,"99 Glebe Point Rd,Glebe",Sydney,NSW,Corporate,Natasha Song,Medium,12 Colored Short Pencils,Office Supplies,Wrap Bag,Regular Air,2016-11-15,1.09,2.60,11,28.60,9,2.57,28.51,2.40,30.91
6246-1,16/3/29,Alan Dominguez,"60 Commercial Rd,Prahran",Melbourne,VIC,Corporate,Yvette Biti,Low,Artisan 481 Labels,Office Supplies,Small Box,Regular Air,2016-03-31,1.94,3.08,42,129.36,9,11.64,129.27,0.99,130.26
6118-1,15/11/15,Alan Hwang,"223 Barkly St,St Kilda",Melbourne,VIC,Corporate,Yvette Biti,Low,Smiths Bulk Pack Metal Binder Clips,Office Supplies,Wrap Bag,Regular Air,2015-11-24,3.95,6.08,41,249.28,3,7.48,249.25,1.82,251.07
5931-1,15/6/10,Alan Schoenberger,"333-339 Enmore Rd,Marrickville",Sydney,NSW,Corporate,Preston Senome,Critical,Multimedia Mailers,Office Supplies,Small Box,Regular Air,2015-06-12,99.39,162.93,36,5865.48,9,527.89,5865.39,19.99,5885.38
5908-1,15/5/20,Alan Shonely,"Macquarie Centre Cnr Herring Road & Waterloo Road,Macquarie Park",Sydney,NSW,Small Business,Nicholas Fernandes,Critical,UGen RF Keyboard,Technology,Small Box,Regular Air,2015-05-21,81.59,159.99,19,3039.81,10,303.98,3039.71,5.50,3045.21
6197-1,16/2/12,Alejandro Ballentine,"412 Brunswick St,Fitzroy",Melbourne,VIC,Small Business,Connor Betts,Critical,Lumi Crayons,Office Supplies,Wrap Bag,Regular Air,2016-02-13,5.22,9.85,48,472.80,9,42.55,472.71,4.82,477.53
6197-2,16/2/12,Alejandro Ballentine,"412 Brunswick St,Fitzroy",Melbourne,VIC,Small Business,Connor Betts,Critical,Pizazz Colored Pencils,Office Supplies,Wrap Bag,Regular Air,2016-02-13,1.76,2.94,18,52.92,1,0.53,52.91,0.81,53.72
5537-1,14/6/27,Alejandro Ballentine,"412 Brunswick St,Fitzroy",Melbourne,VIC,Small Business,Connor Betts,High,Barrel Sharpener,Office Supplies,Small Pack,Regular Air,2014-06-28,1.46,3.57,46,164.22,1,1.64,164.21,4.17,168.38
6034-1,15/8/24,Alejandro Ballentine,"412 Brunswick St,Fitzroy",Melbourne,VIC,Small Business,Connor Betts,High,"24 Capacity Maxi Data Binder Racks, Pearl",Office Supplies,Small Box,Express Air,2015-08-25,84.22,210.55,2,421.10,5,21.06,421.05,9.99,431.04
5856-1,15/4/13,Alejandro Grove,"155 Oxford Street,Darlinghurst",Sydney,NSW,Corporate,Samantha Chairs,High,Artisan Hi-Liter Pen Style Six-Color Fluorescent Set,Office Supplies,Wrap Bag,Regular Air,2015-04-14,2.16,3.85,42,161.70,1,1.62,161.69,0.70,162.39
5142-1,13/6/25,Aleksandra Gannaway,"Hoyts Entertainment Quarter 122 Lang Road,Moore Park",Sydney,NSW,Home Office,Tina Carlton,High,PastelOcean Color Pencil Set,Office Supplies,Wrap Bag,Regular Air,2013-06-26,11.11,19.84,26,515.84,7,36.11,515.77,4.10,519.87
5251-1,13/9/26,Aleksandra Gannaway,"Hoyts Entertainment Quarter 122 Lang Road,Moore Park",Sydney,NSW,Home Office,Tina Carlton,Medium,Alto Memo Cubes,Office Supplies,Wrap Bag,Regular Air,2013-09-28,3.32,5.18,23,119.14,5,5.96,119.09,2.04,121.13
5379-1,14/1/15,Aleksandra Gannaway,"Hoyts Entertainment Quarter 122 Lang Road,Moore Park",Sydney,NSW,Corporate,Tina Carlton,Medium,Apex Straight Scissors,Office Supplies,Small Pack,Express Air,2014-01-17,5.19,12.98,34,441.32,4,17.65,441.28,3.14,444.42
5489-1,14/5/11,Aleksandra Gannaway,"Hoyts Entertainment Quarter 122 Lang Road,Moore Park",Sydney,NSW,Corporate,Tina Carlton,Medium,Lumi Crayons,Office Supplies,Wrap Bag,Regular Air,2014-05-12,5.22,9.85,20,197.00,6,11.82,196.94,4.82,201.76
6179-1,16/1/26,Aleksandra Gannaway,"Hoyts Entertainment Quarter 122 Lang Road,Moore Park",Sydney,NSW,Corporate,Tina Carlton,High,"Message Book, One Form per Page",Office Supplies,Wrap Bag,Express Air,2016-01-28,2.41,3.71,16,59.36,10,5.94,59.26,1.93,61.19
5195-1,13/7/31,Alex Grayson,"644 George St,Sydney",Sydney,NSW,Consumer,Radhya Staples,Medium,Artisan Durable Binders,Office Supplies,Small Box,Regular Air,2013-08-01,1.84,2.88,11,31.68,9,2.85,31.59,1.49,33.08
5195-2,13/7/31,Alex Grayson,"644 George St,Sydney",Sydney,NSW,Consumer,Radhya Staples,Medium,Beekin 105-Key Black Keyboard,Technology,Small Box,Regular Air,2013-08-02,6.39,19.98,43,859.14,10,85.91,859.04,4.00,863.04
5457-1,14/4/3,Alex Grayson,"644 George St,Sydney",Sydney,NSW,Consumer,Radhya Staples,Medium,OIC Bulk Pack Metal Binder Clips,Office Supplies,Wrap Bag,Regular Air,2014-04-05,2.13,3.49,46,160.54,1,1.61,160.53,0.76,161.29
5016-1,13/2/11,Alex Russell,"99 Lygon Street,East Brunswick",Melbourne,VIC,Home Office,Connor Betts,High,"DrawIt Pizazz Watercolor Pencils, 10-Color Set with Brush",Office Supplies,Wrap Bag,Regular Air,2013-02-12,2.39,4.26,29,123.54,3,3.71,123.51,1.20,124.71
5084-1,13/5/13,Alex Russell,"99 Lygon Street,East Brunswick",Melbourne,VIC,Home Office,Connor Betts,Medium,EcoTones Memo Sheets,Office Supplies,Wrap Bag,Express Air,2013-05-15,2.52,4.00,19,76.00,9,6.84,75.91,1.30,77.21
6579-1,17/2/3,Alex Russell,"99 Lygon Street,East Brunswick",Melbourne,VIC,Home Office,Connor Betts,High,Artisan 479 Labels,Office Supplies,Small Box,Regular Air,2017-02-05,1.59,2.61,38,99.18,4,3.97,99.14,0.50,99.64
5311-1,13/11/17,Allen Armold,"224A Gertrude St,Fitzroy",Melbourne,VIC,Home Office,Connor Betts,Critical,Apex Office Executive Series Stainless Steel Trimmers,Office Supplies,Small Pack,Regular Air,2013-11-18,3.51,8.57,24,205.68,6,12.34,205.62,6.14,211.76
5907-1,15/5/20,Allen Armold,"224A Gertrude St,Fitzroy",Melbourne,VIC,Home Office,Connor Betts,Critical,Laser DVD-RAM discs,Technology,Small Pack,Regular Air,2015-05-22,20.18,35.41,49,1735.09,2,34.70,1735.07,1.99,1737.06
5272-1,13/10/11,Amy Cox,"523 King St,Newtown",Sydney,NSW,Small Business,Aanya Zhang,Critical,Pizazz Dustless Chalk Sticks,Office Supplies,Wrap Bag,Regular Air,2013-10-12,1.09,1.68,38,63.84,7,4.47,63.77,1.00,64.77
5282-1,13/10/21,Amy Cox,"523 King St,Newtown",Sydney,NSW,Small Business,Aanya Zhang,Not Specified,Smiths General Use 3-Ring Binders,Office Supplies,Small Box,Regular Air,2013-10-23,1.18,1.88,33,62.04,7,4.34,61.97,1.49,63.46
5418-1,14/2/22,Amy Cox,"523 King St,Newtown",Sydney,NSW,Corporate,Aanya Zhang,Critical,Apex Box Cutter Scissors,Office Supplies,Small Pack,Regular Air,2014-02-23,4.19,10.23,9,92.07,7,6.44,92.00,4.68,96.68
6517-1,16/12/8,Amy Hunt,"60 Commercial Rd,Prahran",Melbourne,VIC,Small Business,Yvette Biti,High,"Multi-Use Personal File Cart and Caster Set, Three Stacking Bins",Office Supplies,Small Box,Regular Air,2016-12-10,14.95,34.76,10,347.60,6,20.86,347.54,8.22,355.76
5231-1,13/9/2,Andrew Allen,"797 Botany Rd,Rosebery",Sydney,NSW,Corporate,Phoebe Gour,High,Beekin 6 Outlet Metallic Surge Strip,Office Supplies,Small Box,Regular Air,2013-09-03,4.46,10.89,9,98.01,3,2.94,97.98,4.50,102.48
6226-1,16/3/12,Andrew Allen,"797 Botany Rd,Rosebery",Sydney,NSW,Corporate,Phoebe Gour,Low,Steady Pocket Accent Highlighters,Office Supplies,Wrap Bag,Regular Air,2016-03-17,0.93,1.60,40,64.00,1,0.64,63.99,1.29,65.28
5103-1,13/5/22,Andy Reiter,"Cnr Williams Road & Lechlade Ave,South Yarra",Melbourne,VIC,Corporate,Yvette Biti,Critical,Smiths General Use 3-Ring Binders,Office Supplies,Small Box,Regular Air,2013-05-24,1.18,1.88,1,1.88,5,0.09,1.83,1.49,3.32
6211-1,16/2/20,Andy Reiter,"Cnr Williams Road & Lechlade Ave,South Yarra",Melbourne,VIC,Corporate,Yvette Biti,Critical,TechSavi Cordless Access Keyboard,Technology,Small Box,Regular Air,2016-02-22,14.70,29.99,11,329.89,8,26.39,329.81,5.50,335.31
5502-1,14/5/29,Andy Yotov,"33/4 Barangaroo Avenue,Sydney",Sydney,NSW,Corporate,Natasha Song,High,"Artisan Flip-Chart Easel Binder, Black",Office Supplies,Small Box,Regular Air,2014-05-29,13.88,22.38,26,581.88,7,40.73,581.81,15.10,596.91
5473-1,14/4/17,Anemone Ratner,"157 Norton St,Leichhardt",Sydney,NSW,Small Business,Stevie Bacata,Critical,Apex Elite Stainless Steel Scissors,Office Supplies,Small Pack,Express Air,2014-04-18,3.42,8.34,16,133.44,4,5.34,133.40,2.64,136.04
5807-1,15/2/24,Ann Blume,"180 High Street,Windsor",Melbourne,VIC,Small Business,Connor Betts,Critical,Artisan 487 Labels,Office Supplies,Small Box,Regular Air,2015-02-24,2.29,3.69,12,44.28,2,0.89,44.26,0.50,44.76
5247-1,13/9/20,Ann Chong,"7 Khartoum Rd,Macquarie Park",Sydney,NSW,Corporate,Preston Senome,High,Artisan Arch Ring Binders,Office Supplies,Small Box,Regular Air,2013-09-21,36.02,58.10,7,406.70,10,40.67,406.60,1.49,408.09
6558-1,17/1/17,Ann Steele,"6-8 O'Connell Street,Newtown",Sydney,NSW,Corporate,Nicholas Fernandes,Critical,"Alto Parchment Paper, Assorted Colors",Office Supplies,Small Box,Regular Air,2017-01-18,4.59,7.28,39,283.92,8,22.71,283.84,11.15,294.99
5811-1,15/3/1,Anne McFarland,"834 Bourke St,Waterloo",Sydney,NSW,Consumer,Charlie Bui,Low,TechSavi Access Keyboard,Technology,Small Box,Regular Air,2015-03-01,10.07,15.98,26,415.48,1,4.15,415.47,4.00,419.47
5367-1,14/1/10,Anne Pryor,"1-2/299 Sussex St,Sydney",Sydney,NSW,Home Office,Aanya Zhang,Medium,3Max Organizer Strips,Office Supplies,Small Box,Express Air,2014-01-10,3.40,5.40,9,48.60,9,4.37,48.51,7.78,56.29
5367-2,14/1/10,Anne Pryor,"1-2/299 Sussex St,Sydney",Sydney,NSW,Home Office,Aanya Zhang,Medium,Office Shears by Apex,Office Supplies,Small Pack,Regular Air,2014-01-11,0.94,2.08,43,89.44,5,4.47,89.39,2.56,91.95
5453-1,14/4/1,Anne Pryor,"1-2/299 Sussex St,Sydney",Sydney,NSW,Consumer,Aanya Zhang,Critical,Steady 52201 APSCO Electric Pencil Sharpener,Office Supplies,Small Pack,Regular Air,2014-04-02,16.80,40.97,44,1802.68,8,144.21,1802.60,8.99,1811.59
5938-1,15/6/14,Annie Cyprus,"180 High Street,Windsor",Melbourne,VIC,Home Office,Connor Betts,High,Steady Liquid Accent Tank-Style Highlighters,Office Supplies,Wrap Bag,Regular Air,2015-06-15,1.31,2.84,23,65.32,6,3.92,65.26,0.93,66.19
5990-1,15/7/25,Annie Thurman,"499-501 Lygon Street,Carlton North",Melbourne,VIC,Home Office,Yvette Biti,High,"Adams ""While You Were Out"" Message Pads",Office Supplies,Wrap Bag,Express Air,2015-07-26,1.88,3.14,43,135.02,7,9.45,134.95,1.14,136.09
5990-2,15/7/25,Annie Thurman,"499-501 Lygon Street,Carlton North",Melbourne,VIC,Home Office,Yvette Biti,High,Barrel Sharpener,Office Supplies,Small Pack,Regular Air,2015-07-27,1.46,3.57,19,67.83,8,5.43,67.75,4.17,71.92
6098-1,15/10/24,Annie Thurman,"499-501 Lygon Street,Carlton North",Melbourne,VIC,Consumer,Yvette Biti,Critical,"Angle-D Binders with Locking Rings, Label Holders",Office Supplies,Small Box,Regular Air,2015-10-26,4.53,7.30,34,248.20,3,7.45,248.17,7.72,255.89
5819-1,15/3/11,Anthony Garverick,"470 Anzac Parade,Kingsford",Sydney,NSW,Small Business,Tina Carlton,High,Steady Major Accent Highlighters,Office Supplies,Wrap Bag,Regular Air,2015-03-12,3.75,7.08,12,84.96,10,8.50,84.86,2.35,87.21
6076-1,15/9/27,Anthony Johnson,"53-55 Liverpool St,Sydney",Sydney,NSW,Small Business,Tina Carlton,Not Specified,Xit Blank Computer Paper,Office Supplies,Small Box,Regular Air,2015-09-29,12.39,19.98,20,399.60,5,19.98,399.55,5.77,405.32
5112-1,13/5/29,Anthony Rawles,"Shop 1, 186-190 Church Street,Parramatta;46a Macleay Street,Potts Point",Sydney,NSW,Small Business,Mihael Khan,Medium,Xit Blank Computer Paper,Office Supplies,Small Box,Express Air,2013-05-29,12.39,19.98,13,259.74,10,25.97,259.64,5.77,265.41
5516-1,14/6/9,Anthony Rawles,"Shop 1, 186-190 Church Street,Parramatta;46a Macleay Street,Potts Point",Sydney,NSW,Small Business,Mihael Khan,High,3Max Polarizing Light Filter Sleeves,Furniture,Small Pack,Regular Air,2014-06-09,11.38,18.65,18,335.70,10,33.57,335.60,3.77,339.37
5854-1,15/4/11,Anthony Rawles,"Shop 1, 186-190 Church Street,Parramatta;46a Macleay Street,Potts Point",Sydney,NSW,Small Business,Mihael Khan,Medium,TechSavi Access Keyboard,Technology,Small Box,Regular Air,2015-04-12,10.07,15.98,40,639.20,1,6.39,639.19,4.00,643.19
6510-1,16/12/3,Anthony Rawles,"Shop 1, 186-190 Church Street,Parramatta;46a Macleay Street,Potts Point",Sydney,NSW,Small Business,Mihael Khan,Medium,Artisan Durable Binders,Office Supplies,Small Box,Regular Air,2016-12-05,1.84,2.88,40,115.20,0,0.00,115.20,1.49,116.69
5949-1,15/6/27,Arianne Irving,"8 Rankins Lane ,Melbourne",Melbourne,VIC,Corporate,Connor Betts,High,Pizazz Drawing Pencil Set,Office Supplies,Wrap Bag,Regular Air,2015-06-27,1.53,2.78,44,122.32,7,8.56,122.25,1.34,123.59
5865-1,15/4/20,Art Ferguson,"85-113 Dunning Ave,Roseberry",Sydney,NSW,Corporate,Mihael Khan,High,Artisan Hi-Liter Smear-Safe Highlighters,Office Supplies,Wrap Bag,Express Air,2015-04-22,2.98,5.84,12,70.08,2,1.40,70.06,0.83,70.89
5037-1,13/3/11,Art Foster,"Westfield Parramatta,Parramatta",Sydney,NSW,Home Office,Stevie Bacata,Critical,Apex Elite Stainless Steel Scissors,Office Supplies,Small Pack,Regular Air,2013-03-13,3.42,8.34,16,133.44,3,4.00,133.41,2.64,136.05
5759-1,15/1/17,Art Foster,"Westfield Parramatta,Parramatta",Sydney,NSW,Home Office,Stevie Bacata,High,"Laser Neon Mac Format Diskettes, 10/Pack",Technology,Small Pack,Regular Air,2015-01-18,1.87,8.12,47,381.64,7,26.71,381.57,2.83,384.40
6582-1,17/2/5,Art Foster,"Westfield Parramatta,Parramatta",Sydney,NSW,Home Office,Stevie Bacata,Medium,Artisan Legal 4-Ring Binder,Office Supplies,Small Box,Regular Air,2017-02-07,13.64,20.98,2,41.96,1,0.42,41.95,1.49,43.44
5556-1,14/7/18,Art Miller,"8 Quay Street,Haymarket",Sydney,NSW,Corporate,Leighton Forrest,Medium,Artisan 474 Labels,Office Supplies,Small Box,Regular Air,2014-07-19,1.84,2.88,10,28.80,1,0.29,28.79,0.99,29.78
6152-1,15/12/25,Art Miller,"8 Quay Street,Haymarket",Sydney,NSW,Corporate,Leighton Forrest,Low,HFX LaserJet 3310 Copier,Technology,Large Box,Regular Air,2016-01-01,377.99,599.99,17,10199.83,8,815.99,10199.75,24.49,10224.24
5505-1,14/6/2,Arthur Gainer,"180 High Street,Windsor",Melbourne,VIC,Corporate,Connor Betts,Critical,1726 Digital Answering Machine,Technology,Medium Box,Regular Air,2014-06-04,8.82,20.99,10,209.90,0,0.00,209.90,4.81,214.71
5720-1,14/12/26,Arthur Gainer,"180 High Street,Windsor",Melbourne,VIC,Consumer,Connor Betts,High,Smiths Metal Binder Clips,Office Supplies,Wrap Bag,Regular Air,2014-12-29,1.60,2.62,37,96.94,1,0.97,96.93,0.80,97.73
5859-1,15/4/18,Arthur Gainer,"180 High Street,Windsor",Melbourne,VIC,Corporate,Connor Betts,Medium,Artisan Durable Poly Binders,Office Supplies,Small Box,Regular Air,2015-04-19,3.37,5.53,27,149.31,4,5.97,149.27,6.98,156.25
5650-1,14/10/11,Arthur Prichep,"Sydney Fish Market, Bank Street, Sydney",Sydney,NSW,Home Office,Phoebe Gour,Medium,PastelOcean Color Pencil Set,Office Supplies,Wrap Bag,Regular Air,2014-10-11,11.11,19.84,43,853.12,3,25.59,853.09,4.10,857.19
6329-1,16/6/15,Arthur Prichep,"Sydney Fish Market, Bank Street, Sydney",Sydney,NSW,Home Office,Phoebe Gour,Low,"Artisan Flip-Chart Easel Binder, Black",Office Supplies,Small Box,Regular Air,2016-06-17,13.88,22.38,11,246.18,1,2.46,246.17,15.10,261.27
5373-1,14/1/13,Ashley Jarboe,"180 High Street,Windsor",Melbourne,VIC,Home Office,Connor Betts,Low,"TypeRight  Top-Opening Peel & Seel  Envelopes, Gray",Office Supplies,Small Box,Regular Air,2014-01-18,21.56,35.94,13,467.22,9,42.05,467.13,6.66,473.79
6407-1,16/9/20,Ashley Jarboe,"180 High Street,Windsor",Melbourne,VIC,Small Business,Connor Betts,Low,Smiths SlimLine Pencil Sharpener,Office Supplies,Small Pack,Regular Air,2016-09-20,4.79,11.97,38,454.86,2,9.10,454.84,5.81,460.65
5837-1,15/3/24,Astrea Jones,"485 Crown St,Surry Hills",Sydney,NSW,Corporate,Leighton Forrest,Medium,Artisan Durable Poly Binders,Office Supplies,Small Box,Regular Air,2015-03-26,3.37,5.53,23,127.19,10,12.72,127.09,6.98,134.07
6011-1,15/8/7,Astrea Jones,"485 Crown St,Surry Hills",Sydney,NSW,Corporate,Leighton Forrest,Critical,Unpadded Memo Slips,Office Supplies,Wrap Bag,Regular Air,2015-08-08,2.59,3.98,16,63.68,9,5.73,63.59,2.97,66.56
6346-1,16/7/2,Astrea Jones,"485 Crown St,Surry Hills",Sydney,NSW,Corporate,Leighton Forrest,Critical,Smiths Metal Binder Clips,Office Supplies,Wrap Bag,Regular Air,2016-07-04,1.60,2.62,16,41.92,9,3.77,41.83,0.80,42.63
6090-1,15/10/15,Barbara Fisher,"180 High Street,Windsor",Melbourne,VIC,Small Business,Connor Betts,Critical,3Max Organizer Strips,Office Supplies,Small Box,Regular Air,2015-10-16,3.40,5.40,8,43.20,0,0.00,43.20,7.78,50.98
5976-1,15/7/17,Barry Blumstein,"6 Mary St,Newtown",Sydney,NSW,Small Business,Samantha Chairs,High,"Message Book, One Form per Page",Office Supplies,Wrap Bag,Regular Air,2015-07-17,2.41,3.71,13,48.23,6,2.89,48.17,1.93,50.10
5659-1,14/10/19,Barry Franz,"499-501 Lygon Street,Carlton North",Melbourne,VIC,Corporate,Yvette Biti,High,Beekin 6 Outlet Metallic Surge Strip,Office Supplies,Small Box,Express Air,2014-10-20,4.46,10.89,4,43.56,5,2.18,43.51,4.50,48.01
5737-1,15/1/7,Barry Franz,"499-501 Lygon Street,Carlton North",Melbourne,VIC,Corporate,Yvette Biti,Medium,Artisan Printable Repositionable Plastic Tabs,Office Supplies,Small Box,Regular Air,2015-01-09,5.33,8.60,48,412.80,2,8.26,412.78,6.19,418.97
6436-1,16/10/15,Barry Franz,"499-501 Lygon Street,Carlton North",Melbourne,VIC,Corporate,Yvette Biti,Not Specified,"3Max Polarizing Task Lamp with Clamp Arm, Light Gray",Furniture,Large Box,Regular Air,2016-10-15,56.16,136.98,27,3698.46,9,332.86,3698.37,24.49,3722.86
5973-1,15/7/15,Barry Gonzalez,"797 Botany Rd,Rosebery",Sydney,NSW,Consumer,Phoebe Gour,Low,Lumi Crayons,Office Supplies,Wrap Bag,Regular Air,2015-07-19,5.22,9.85,21,206.85,10,20.69,206.75,4.82,211.57
5526-1,14/6/19,Barry Pond,"99 Lygon Street,East Brunswick",Melbourne,VIC,Consumer,Connor Betts,Medium,"DrawIt Colored Pencils, 48-Color Set",Office Supplies,Wrap Bag,Regular Air,2014-06-21,21.56,36.55,48,1754.40,7,122.81,1754.33,13.89,1768.22
5059-1,13/4/28,Barry Weirich,"105 Pitt St,Sydney",Sydney,NSW,Corporate,Charlie Bui,Medium,Beekin 105-Key Black Keyboard,Technology,Small Box,Regular Air,2013-04-28,6.39,19.98,7,139.86,1,1.40,139.85,4.00,143.85
6258-1,16/4/11,Barry Weirich,"105 Pitt St,Sydney",Sydney,NSW,Corporate,Charlie Bui,Not Specified,Artisan Hole Reinforcements,Office Supplies,Small Box,Regular Air,2016-04-13,3.99,6.23,21,130.83,5,6.54,130.78,6.97,137.75
6165-1,16/1/2,Bart Folk,"Westfield Miranda, 600 Kingsway,Miranda",Sydney,NSW,Corporate,Preston Senome,Not Specified,TechSavi Cordless Access Keyboard,Technology,Small Box,Regular Air,2016-01-03,14.70,29.99,14,419.86,4,16.79,419.82,5.50,425.32
5619-1,14/9/17,Bart Watters,"Westfield 1 Anderson St,Chatswood",Sydney,NSW,Corporate,Nicholas Fernandes,Critical,Artisan Poly Binder Pockets,Office Supplies,Small Box,Regular Air,2014-09-18,2.26,3.58,19,68.02,0,0.00,68.02,5.47,73.49
5712-1,14/12/10,Bart Watters,"Westfield 1 Anderson St,Chatswood",Sydney,NSW,Corporate,Nicholas Fernandes,Not Specified,Apex Box Cutter Scissors,Office Supplies,Small Pack,Regular Air,2014-12-11,4.19,10.23,46,470.58,1,4.71,470.57,4.68,475.25
6555-1,17/1/11,Bart Watters,"Westfield 1 Anderson St,Chatswood",Sydney,NSW,Corporate,Nicholas Fernandes,Critical,Apex Straight Scissors,Office Supplies,Small Pack,Regular Air,2017-01-13,5.19,12.98,49,636.02,2,12.72,636.00,3.14,639.14
5680-1,14/11/3,Becky Castell,"333-339 Enmore Rd,Marrickville",Sydney,NSW,Consumer,Preston Senome,Medium,TechSavi Internet Navigator Keyboard,Technology,Small Box,Regular Air,2014-11-04,6.51,30.98,12,371.76,0,0.00,371.76,6.50,378.26
5104-1,13/5/23,Becky Martin,"53-55 Liverpool Street,Sydney",Sydney,NSW,Home Office,Tina Carlton,Medium,Alto Keyboard-In-A-Box,Technology,Small Box,Express Air,2013-05-25,6.40,29.10,33,960.30,1,9.60,960.29,4.00,964.29
6498-1,16/11/22,Becky Pak,"79 Elliott St,Balmain",Sydney,NSW,Corporate,Aanya Zhang,Low,Smiths Standard Envelopes,Office Supplies,Small Box,Regular Air,2016-11-27,3.52,5.68,10,56.80,9,5.11,56.71,1.39,58.10
5342-1,13/12/13,Ben Peterman,"485 Crown St,Surry Hills",Sydney,NSW,Corporate,Leighton Forrest,Critical,"Artisan Hi-Liter GlideStik Fluorescent Highlighter, Yellow Ink",Office Supplies,Wrap Bag,Regular Air,2013-12-15,1.92,3.26,6,19.56,1,0.20,19.55,1.86,21.41
6514-1,16/12/6,Ben Peterman,"485 Crown St,Surry Hills",Sydney,NSW,Corporate,Leighton Forrest,Low,Adesso Programmable 142-Key Keyboard,Technology,Small Box,Regular Air,2016-12-08,32.02,152.48,46,7014.08,1,70.14,7014.07,4.00,7018.07
5175-1,13/7/18,Ben Wallace,"120 Hardware St,Melbourne",Melbourne,VIC,Home Office,Yvette Biti,Critical,Apex Elite Stainless Steel Scissors,Office Supplies,Small Pack,Express Air,2013-07-20,3.42,8.34,15,125.10,0,0.00,125.10,2.64,127.74
6535-1,16/12/21,Benjamin Farhat,"188 Pitt Street,Sydney",Sydney,NSW,Home Office,Tina Carlton,Critical,Office Shears by Apex,Office Supplies,Small Pack,Regular Air,2016-12-22,0.94,2.08,49,101.92,7,7.13,101.85,2.56,104.41
5583-1,14/8/11,Benjamin Patterson,"1-2/299 Sussex St,Sydney",Sydney,NSW,Corporate,Aanya Zhang,Critical,Bagged Rubber Bands,Office Supplies,Wrap Bag,Regular Air,2014-08-12,0.24,1.26,2,2.52,6,0.15,2.46,0.70,3.16
5160-1,13/7/5,Berenike Kampe,"180 High Street,Windsor",Melbourne,VIC,Corporate,Connor Betts,Not Specified,1726 Digital Answering Machine,Technology,Medium Box,Regular Air,2013-07-07,8.82,20.99,41,860.59,2,17.21,860.57,4.81,865.38
5160-2,13/7/5,Berenike Kampe,"180 High Street,Windsor",Melbourne,VIC,Corporate,Connor Betts,Not Specified,3Max Organizer Strips,Office Supplies,Small Box,Express Air,2013-07-07,3.40,5.40,26,140.40,5,7.02,140.35,7.78,148.13
6260-1,16/4/11,Berenike Kampe,"180 High Street,Windsor",Melbourne,VIC,Corporate,Connor Betts,Critical,Colored Push Pins,Office Supplies,Wrap Bag,Regular Air,2016-04-11,0.92,1.81,22,39.82,9,3.58,39.73,1.56,41.29
6121-1,15/11/17,Beth Fritzler,"Sydney Fish Market, Bank Street, Sydney",Sydney,NSW,Small Business,Phoebe Gour,Critical,Apex Box Cutter Scissors,Office Supplies,Small Pack,Regular Air,2015-11-19,4.19,10.23,16,163.68,2,3.27,163.66,4.68,168.34
5944-1,15/6/25,Beth Paige,"73 York St,Sydney",Sydney,NSW,Consumer,Tina Carlton,High,Smiths General Use 3-Ring Binders,Office Supplies,Small Box,Express Air,2015-06-26,1.18,1.88,5,9.40,8,0.75,9.32,1.49,10.81
5127-1,13/6/9,Beth Thompson,"85-113 Dunning Ave,Roseberry",Sydney,NSW,Corporate,Mihael Khan,Not Specified,Deluxe Rollaway Locking File with Drawer,Office Supplies,Small Box,Regular Air,2013-06-09,178.83,415.88,2,831.76,7,58.22,831.69,11.37,843.06
6059-1,15/9/8,Beth Thompson,"85-113 Dunning Ave,Roseberry",Sydney,NSW,Corporate,Mihael Khan,High,Alto Memo Cubes,Office Supplies,Wrap Bag,Regular Air,2015-09-10,3.32,5.18,20,103.60,6,6.22,103.54,2.04,105.58
6364-1,16/8/5,Beth Thompson,"85-113 Dunning Ave,Roseberry",Sydney,NSW,Corporate,Mihael Khan,High,Pizazz Drawing Pencil Set,Office Supplies,Wrap Bag,Regular Air,2016-08-06,1.17,2.78,6,16.68,1,0.17,16.67,1.20,17.87
5768-1,15/1/22,Bill Donatelli,"359 Crown Street,Surry Hills",Sydney,NSW,Corporate,Phoebe Gour,Critical,1726 Digital Answering Machine,Technology,Medium Box,Regular Air,2015-01-23,8.82,20.99,3,62.97,1,0.63,62.96,4.81,67.77
5768-2,15/1/22,Bill Donatelli,"359 Crown Street,Surry Hills",Sydney,NSW,Corporate,Phoebe Gour,Critical,"Artisan Flip-Chart Easel Binder, Black",Office Supplies,Small Box,Express Air,2015-01-22,13.88,22.38,42,939.96,7,65.80,939.89,15.10,954.99
5768-2,15/1/22,Bill Donatelli,"359 Crown Street,Surry Hills",Sydney,NSW,Corporate,Phoebe Gour,Critical,Beekin 105-Key Black Keyboard,Technology,Small Box,Regular Air,2015-01-24,6.39,19.98,45,899.10,6,53.95,899.04,4.00,903.04
5523-1,14/6/18,Bill Donatelli,"359 Crown Street,Surry Hills",Sydney,NSW,Corporate,Phoebe Gour,High,"Message Book, One Form per Page",Office Supplies,Wrap Bag,Regular Air,2014-06-18,2.41,3.71,39,144.69,6,8.68,144.63,1.93,146.56
6217-1,16/2/29,Bill Donatelli,"359 Crown Street,Surry Hills",Sydney,NSW,Small Business,Phoebe Gour,Medium,TypeRight Side-Opening Peel & Seel Expanding Envelopes,Office Supplies,Small Box,Regular Air,2016-02-29,54.29,90.48,16,1447.68,0,0.00,1447.68,19.99,1467.67
6316-1,16/5/31,Bill Donatelli,"359 Crown Street,Surry Hills",Sydney,NSW,Small Business,Phoebe Gour,High,TechSavi Cordless Access Keyboard,Technology,Small Box,Regular Air,2016-06-03,14.70,29.99,1,29.99,4,1.20,29.95,5.50,35.45
5391-1,14/1/26,Bill Eplett,"188 Pitt Street,Sydney",Sydney,NSW,Corporate,Tina Carlton,Critical,TechSavi Access Keyboard,Technology,Small Box,Regular Air,2014-01-27,10.07,15.98,8,127.84,4,5.11,127.80,4.00,131.80
6479-1,16/11/5,Bill Shonely,"73 MacLeay St,Potts Point",Sydney,NSW,Small Business,Natasha Song,Low,Binder Posts,Office Supplies,Small Box,Regular Air,2016-11-12,3.50,5.74,5,28.70,7,2.01,28.63,5.01,33.64
5887-1,15/5/11,Bill Stewart,"188 Pitt Street,Sydney",Sydney,NSW,Corporate,Tina Carlton,Medium,Apex Box Cutter Scissors,Office Supplies,Small Pack,Regular Air,2015-05-13,4.19,10.23,46,470.58,5,23.53,470.53,4.68,475.21
5887-2,15/5/11,Bill Stewart,"188 Pitt Street,Sydney",Sydney,NSW,Corporate,Tina Carlton,Medium,Artisan Hanging File Binders,Office Supplies,Small Box,Regular Air,2015-05-13,3.65,5.98,4,23.92,7,1.67,23.85,1.49,25.34
5336-1,13/12/11,Bill Stewart,"188 Pitt Street,Sydney",Sydney,NSW,Corporate,Tina Carlton,Low,Binding Machine Supplies,Office Supplies,Small Box,Regular Air,2013-12-15,18.38,29.17,16,466.72,7,32.67,466.65,6.27,472.92
5428-1,14/2/25,Bobby Elias,"506 Swan Street,Richmond",Melbourne,VIC,Small Business,Connor Betts,Not Specified,Creator Colored Pencils,Office Supplies,Wrap Bag,Regular Air,2014-02-26,1.57,3.28,26,85.28,8,6.82,85.20,0.98,86.18
6066-1,15/9/12,Bobby Elias,"506 Swan Street,Richmond",Melbourne,VIC,Small Business,Connor Betts,Not Specified,Assorted Color Push Pins,Office Supplies,Wrap Bag,Regular Air,2015-09-13,0.87,1.81,6,10.86,7,0.76,10.79,0.75,11.54
5552-1,14/7/15,Bobby Odegard,"240-242 Johnston Street,Fitzroy",Melbourne,VIC,Corporate,Connor Betts,Not Specified,"Laser Neon Mac Format Diskettes, 10/Pack",Technology,Small Pack,Regular Air,2014-07-17,1.87,8.12,4,32.48,7,2.27,32.41,2.83,35.24
6104-1,15/11/1,Bobby Trafton,"85-113 Dunning Ave,Rosebery",Sydney,NSW,Small Business,Mihael Khan,Low,"DrawIt Pizazz Watercolor Pencils, 10-Color Set with Brush",Office Supplies,Wrap Bag,Regular Air,2015-11-03,2.39,4.26,47,200.22,7,14.02,200.15,1.20,201.35
6104-2,15/11/1,Bobby Trafton,"85-113 Dunning Ave,Rosebery",Sydney,NSW,Small Business,Mihael Khan,Low,"Steady Colorific Colored Pencils, 12/Box",Office Supplies,Wrap Bag,Regular Air,2015-11-06,1.30,2.88,17,48.96,9,4.41,48.87,1.01,49.88
6086-1,15/10/12,Bobby Trafton,"85-113 Dunning Ave,Rosebery",Sydney,NSW,Corporate,Mihael Khan,High,Smiths General Use 3-Ring Binders,Office Supplies,Small Box,Regular Air,2015-10-14,1.18,1.88,29,54.52,10,5.45,54.42,1.49,55.91
5097-1,13/5/20,Brad Eason,"1737 Botany Rd,Banksmeadow",Sydney,NSW,Small Business,Nicholas Fernandes,Not Specified,Artisan Legal 4-Ring Binder,Office Supplies,Small Box,Regular Air,2013-05-22,13.64,20.98,47,986.06,10,98.61,985.96,1.49,987.45
6319-1,16/6/3,Brad Eason,"1737 Botany Rd,Banksmeadow",Sydney,NSW,Small Business,Nicholas Fernandes,Critical,Artisan 481 Labels,Office Supplies,Small Box,Regular Air,2016-06-04,1.94,3.08,11,33.88,3,1.02,33.85,0.99,34.84
5838-1,15/3/24,Brad Norvell,"120 Hardware St,Melbourne",Melbourne,VIC,Corporate,Yvette Biti,Critical,Smiths Standard Envelopes,Office Supplies,Small Box,Regular Air,2015-03-25,3.52,5.68,8,45.44,2,0.91,45.42,1.39,46.81
6077-1,15/9/27,Brad Norvell,"120 Hardware St,Melbourne",Melbourne,VIC,Corporate,Yvette Biti,Low,Xit Blank Computer Paper,Office Supplies,Small Box,Regular Air,2015-09-27,12.39,19.98,34,679.32,6,40.76,679.26,5.77,685.03
5091-1,13/5/19,Brad Thomas,"152 Bunnerong Road,Eastgardens",Sydney,NSW,Home Office,Tina Carlton,High,"210 Trimline Phone, White",Technology,Medium Box,Regular Air,2013-05-20,9.91,15.99,7,111.93,3,3.36,111.90,11.28,123.18
5589-1,14/8/12,Brad Thomas,"152 Bunnerong Road,Eastgardens",Sydney,NSW,Home Office,Tina Carlton,Low,Beekin 105-Key Black Keyboard,Technology,Small Box,Regular Air,2014-08-19,6.39,19.98,5,99.90,9,8.99,99.81,4.00,103.81
5788-1,15/2/4,Brad Thomas,"152 Bunnerong Road,Eastgardens",Sydney,NSW,Home Office,Tina Carlton,Medium,"DrawIt Colored Pencils, 48-Color Set",Office Supplies,Wrap Bag,Regular Air,2015-02-06,21.56,36.55,34,1242.70,3,37.28,1242.67,13.89,1256.56
6528-1,16/12/10,Brad Thomas,"152 Bunnerong Road,Eastgardens",Sydney,NSW,Corporate,Tina Carlton,Low,Smiths Gold Paper Clips,Office Supplies,Wrap Bag,Regular Air,2016-12-15,1.82,2.98,45,134.10,5,6.71,134.05,1.58,135.63
5218-1,13/8/22,Bradley Drucker,"1 John St,Waterloo",Sydney,NSW,Small Business,Charlie Bui,Low,Economy Rollaway Files,Office Supplies,Small Box,Regular Air,2013-08-24,67.73,165.20,23,3799.60,7,265.97,3799.53,19.99,3819.52
5850-1,15/4/10,Bradley Nguyen,"Shop 1, 186-190 Church Street,Parramatta;46a Macleay Street,Potts Point",Sydney,NSW,Consumer,Mihael Khan,High,"Alto Six-Outlet Power Strip, 4 Cord Length",Office Supplies,Small Box,Regular Air,2015-04-13,3.53,8.62,50,431.00,7,30.17,430.93,4.50,435.43
5467-1,14/4/11,Brenda Bowman,"73 York St,Sydney",Sydney,NSW,Small Business,Tina Carlton,Medium,12 Colored Short Pencils,Office Supplies,Wrap Bag,Regular Air,2014-04-12,1.09,2.60,2,5.20,3,0.16,5.17,2.40,7.57
5674-1,14/10/29,Brendan Murry,"2/797 Botany Rd,Rosebery",Sydney,NSW,Corporate,Samantha Chairs,High,Smiths SlimLine Pencil Sharpener,Office Supplies,Small Pack,Regular Air,2014-10-31,4.79,11.97,23,275.31,1,2.75,275.30,5.81,281.11
5690-1,14/11/19,Brendan Murry,"2/797 Botany Rd,Rosebery",Sydney,NSW,Corporate,Samantha Chairs,Medium,Economy Rollaway Files,Office Supplies,Small Box,Express Air,2014-11-21,67.73,165.20,46,7599.20,2,151.98,7599.18,19.99,7619.17
5347-1,13/12/23,Brian Dahlen,"1-2/299 Sussex St,Sydney",Sydney,NSW,Small Business,Aanya Zhang,Critical,Adesso Programmable 142-Key Keyboard,Technology,Small Box,Regular Air,2013-12-25,39.64,152.48,41,6251.68,7,437.62,6251.61,6.50,6258.11
5952-1,15/6/28,Brian Dahlen,"1-2/299 Sussex St,Sydney",Sydney,NSW,Small Business,Aanya Zhang,Medium,Artisan Binder Labels,Office Supplies,Small Box,Express Air,2015-06-30,2.45,3.89,32,124.48,10,12.45,124.38,7.01,131.39
5902-1,15/5/18,Brian DeCherney,"523 King St,Newtown",Sydney,NSW,Corporate,Aanya Zhang,Low,Laser DVD-RAM discs,Technology,Small Pack,Regular Air,2015-05-25,20.18,35.41,1,35.41,10,3.54,35.31,1.99,37.30
6340-1,16/6/29,Brian DeCherney,"523 King St,Newtown",Sydney,NSW,Corporate,Aanya Zhang,Critical,Artisan 478 Labels,Office Supplies,Small Box,Regular Air,2016-07-01,3.14,4.91,28,137.48,8,11.00,137.40,0.50,137.90
5475-1,14/5/2,Brian Stugart,"88 Oxford St,Woollahra",Sydney,NSW,Consumer,Charlie Bui,Low,"24 Capacity Maxi Data Binder Racks, Pearl",Office Supplies,Small Box,Regular Air,2014-05-04,84.22,210.55,32,6737.60,10,673.76,6737.50,9.99,6747.49
5719-1,14/12/25,Brian Stugart,"88 Oxford St,Woollahra",Sydney,NSW,Consumer,Charlie Bui,Medium,Cando PC940 Copier,Technology,Large Box,Regular Air,2014-12-27,216.00,449.99,10,4499.90,1,45.00,4499.89,24.49,4524.38
5806-1,15/2/23,Brian Thompson,"154 Castlereagh St,Sydney",Sydney,NSW,Home Office,Samantha Chairs,Critical,Security-Tint Envelopes,Office Supplies,Small Box,Regular Air,2015-02-26,4.89,7.64,32,244.48,6,14.67,244.42,1.39,245.81
5395-1,14/1/30,Brooke Gillingham,"21 Wentworth St,Parramatta",Sydney,NSW,Small Business,Aanya Zhang,Medium,"Wirebound Message Book, 4 per Page",Office Supplies,Wrap Bag,Regular Air,2014-02-01,3.48,5.43,2,10.86,10,1.09,10.76,0.95,11.71
6224-1,16/3/11,Brooke Gillingham,"21 Wentworth St,Parramatta",Sydney,NSW,Small Business,Aanya Zhang,Medium,"Multi-Use Personal File Cart and Caster Set, Three Stacking Bins",Office Supplies,Small Box,Regular Air,2016-03-13,14.95,34.76,27,938.52,10,93.85,938.42,8.22,946.64
6399-1,16/9/15,Brooke Gillingham,"21 Wentworth St,Parramatta",Sydney,NSW,Small Business,Aanya Zhang,High,Emerson LQ-870 Dot Matrix Printer,Technology,Jumbo Drum,Delivery Truck,2016-09-16,219.61,535.64,44,23568.16,3,707.04,23568.13,14.70,23582.83
5221-1,13/8/25,Bruce Degenhardt,"501 George St,Sydney",Sydney,NSW,Home Office,Samantha Chairs,Not Specified,Smiths General Use 3-Ring Binders,Office Supplies,Small Box,Regular Air,2013-08-26,1.18,1.88,42,78.96,0,0.00,78.96,1.49,80.45
5529-1,14/6/19,Bruce Degenhardt,"501 George St,Sydney",Sydney,NSW,Home Office,Samantha Chairs,High,Multimedia Mailers,Office Supplies,Small Box,Regular Air,2014-06-21,99.39,162.93,16,2606.88,10,260.69,2606.78,19.99,2626.77
6362-1,16/8/4,Bruce Stewart,"Westfield Sydney,Sydney",Sydney,NSW,Corporate,Natasha Song,High,UGen Ultra Cordless Optical Suite,Technology,Small Box,Regular Air,2016-08-06,54.52,100.97,41,4139.77,3,124.19,4139.74,7.18,4146.92
5969-1,15/7/12,Bryan Spruell,"1 John Street,Waterloo",Sydney,NSW,Home Office,Charlie Bui,Low,Brown Kraft Recycled Envelopes,Office Supplies,Small Box,Regular Air,2015-07-14,11.04,16.98,1,16.98,3,0.51,16.95,12.39,29.34
6030-1,15/8/22,Bryan Spruell,"1 John Street,Waterloo",Sydney,NSW,Home Office,Charlie Bui,Low,TechSavi Access Keyboard,Technology,Small Box,Regular Air,2015-08-27,10.07,15.98,6,95.88,10,9.59,95.78,4.00,99.78
6184-1,16/1/29,Bryan Spruell,"1 John Street,Waterloo",Sydney,NSW,Home Office,Charlie Bui,Not Specified,Pizazz Drawing Pencil Set,Office Supplies,Wrap Bag,Regular Air,2016-01-31,1.53,2.78,38,105.64,0,0.00,105.64,1.34,106.98
5781-1,15/2/1,Cari Schnelling,"273 George Street,Sydney",Sydney,NSW,Home Office,Leighton Forrest,High,"3Max Polarizing Task Lamp with Clamp Arm, Light Gray",Furniture,Large Box,Regular Air,2015-02-03,56.16,136.98,2,273.96,8,21.92,273.88,24.49,298.37
5637-1,14/10/2,Carl Jackson,"6 Mary St,Newtown",Sydney,NSW,Home Office,Samantha Chairs,High,Artisan 487 Labels,Office Supplies,Small Box,Regular Air,2014-10-04,2.29,3.69,30,110.70,9,9.96,110.61,0.50,111.11
5996-1,15/7/26,Carl Jackson,"6 Mary St,Newtown",Sydney,NSW,Corporate,Samantha Chairs,High,"Angle-D Binders with Locking Rings, Label Holders",Office Supplies,Small Box,Regular Air,2015-07-26,4.53,7.30,12,87.60,3,2.63,87.57,7.72,95.29
5444-1,14/3/17,Carl Ludwig,"1/173-179 Bronte Rd,Waverley",Sydney,NSW,Corporate,Leighton Forrest,Not Specified,Alto Perma 2700 Stacking Storage Drawers,Office Supplies,Small Box,Regular Air,2014-03-18,8.92,29.74,25,743.50,0,0.00,743.50,6.64,750.14
5779-1,15/1/31,Carl Ludwig,"1/173-179 Bronte Rd,Waverley",Sydney,NSW,Corporate,Leighton Forrest,High,Cando PC940 Copier,Technology,Jumbo Drum,Delivery Truck,2015-02-02,278.99,449.99,25,11249.75,1,112.50,11249.74,49.00,11298.74
5260-1,13/10/4,Carlos Daly,"5/63-71 Enmore Rd,Newtown",Sydney,NSW,Corporate,Charlie Bui,High,Deluxe Rollaway Locking File with Drawer,Office Supplies,Small Box,Regular Air,2013-10-05,178.83,415.88,2,831.76,8,66.54,831.68,11.37,843.05
5463-1,14/4/7,Carlos Daly,"5/63-71 Enmore Rd,Newtown",Sydney,NSW,Home Office,Charlie Bui,Not Specified,Emerson Stylus 1520 Color Inkjet Printer,Technology,Jumbo Drum,Delivery Truck,2014-04-07,315.61,500.97,31,15530.07,6,931.80,15530.01,69.30,15599.31
5137-1,13/6/21,Carlos Meador,"152 Bunnerong Road,Eastgardens",Sydney,NSW,Corporate,Tina Carlton,Medium,Multimedia Mailers,Office Supplies,Small Box,Regular Air,2013-06-22,99.39,162.93,7,1140.51,3,34.22,1140.48,19.99,1160.47
5904-1,15/5/19,Carlos Meador,"152 Bunnerong Road,Eastgardens",Sydney,NSW,Corporate,Tina Carlton,Critical,Artisan Durable Binders,Office Supplies,Small Box,Regular Air,2015-05-20,1.84,2.88,16,46.08,5,2.30,46.03,1.49,47.52
5791-1,15/2/7,Carlos Soltero,"1/41B Elizabeth Bay Rd,Elizabeth Bay",Sydney,NSW,Small Business,Charlie Bui,Medium,TechSavi Cordless Elite Duo,Technology,Small Box,Regular Air,2015-02-18,60.59,100.98,13,1312.74,4,52.51,1312.70,7.18,1319.88
5822-1,15/3/15,Carlos Soltero,"1/41B Elizabeth Bay Rd,Elizabeth Bay",Sydney,NSW,Consumer,Charlie Bui,High,Self-Adhesive Ring Binder Labels,Office Supplies,Small Box,Regular Air,2015-03-17,2.18,3.52,49,172.48,8,13.80,172.40,6.83,179.23
5579-1,14/8/6,Carol Adams,"181 Enmore Rd,Enmore",Sydney,NSW,Corporate,Radhya Staples,Low,Artisan Hanging File Binders,Office Supplies,Small Box,Regular Air,2014-08-06,3.65,5.98,32,191.36,10,19.14,191.26,1.49,192.75
6230-1,16/3/17,Carol Darley,"Crown Complex,Southbank",Melbourne,VIC,Small Business,Yvette Biti,Medium,"Laser Neon Mac Format Diskettes, 10/Pack",Technology,Small Pack,Express Air,2016-03-18,1.87,8.12,37,300.44,1,3.00,300.43,2.83,303.26
6564-1,17/1/19,Carol Darley,"Crown Complex,Southbank",Melbourne,VIC,Small Business,Yvette Biti,Low,Smiths Colored Interoffice Envelopes,Office Supplies,Small Box,Express Air,2017-01-26,19.83,30.98,41,1270.18,4,50.81,1270.14,19.51,1289.65
5229-1,13/9/1,Carol Triggs,"644 George St,Sydney",Sydney,NSW,Home Office,Radhya Staples,Critical,Smiths General Use 3-Ring Binders,Office Supplies,Small Box,Regular Air,2013-09-02,1.18,1.88,43,80.84,3,2.43,80.81,1.49,82.30
5847-1,15/4/8,Carol Triggs,"644 George St,Sydney",Sydney,NSW,Home Office,Radhya Staples,Critical,Artisan Durable Poly Binders,Office Supplies,Small Box,Regular Air,2015-04-09,3.37,5.53,9,49.77,9,4.48,49.68,6.98,56.66
6150-1,15/12/22,Carol Triggs,"644 George St,Sydney",Sydney,NSW,Home Office,Radhya Staples,Not Specified,600 Series Non-Flip,Technology,Small Box,Regular Air,2015-12-24,19.78,45.99,11,505.89,7,35.41,505.82,4.99,510.81
6482-1,16/11/8,Carol Triggs,"644 George St,Sydney",Sydney,NSW,Home Office,Radhya Staples,Low,"Creator Anti Dust Chalk, 12/Pack",Office Supplies,Wrap Bag,Regular Air,2016-11-10,1.09,1.82,40,72.80,5,3.64,72.75,1.00,73.75
5669-1,14/10/23,Caroline Jumper,"145 Ramsay St,Haberfield",Sydney,NSW,Corporate,Phoebe Gour,Not Specified,Alto Perma 2700 Stacking Storage Drawers,Office Supplies,Small Box,Regular Air,2014-10-25,8.92,29.74,19,565.06,10,56.51,564.96,6.64,571.60
6455-1,16/10/25,Caroline Jumper,"145 Ramsay St,Haberfield",Sydney,NSW,Corporate,Phoebe Gour,High,"Steady EarthWrite Recycled Pencils, Medium Soft, #2",Office Supplies,Wrap Bag,Regular Air,2016-10-27,0.90,2.10,33,69.30,5,3.47,69.25,0.70,69.95
6472-1,16/11/2,Cassandra Brandow,"106 Ebley Street,Bondi Junction",Sydney,NSW,Home Office,Leighton Forrest,Not Specified,Apex Preferred Stainless Steel Scissors,Office Supplies,Small Pack,Regular Air,2016-11-03,2.50,5.68,34,193.12,0,0.00,193.12,3.60,196.72
5670-1,14/10/26,Catherine Glotzbach,"188 Pitt Street,Sydney",Sydney,NSW,Home Office,Tina Carlton,Medium,Artisan Hanging File Binders,Office Supplies,Small Box,Regular Air,2014-10-27,3.65,5.98,19,113.62,1,1.14,113.61,1.49,115.10
5445-1,14/3/17,Chad Cunningham,"499-501 Lygon Street,Carlton North",Melbourne,VIC,Small Business,Yvette Biti,Not Specified,Smiths Colored Bar Computer Paper,Office Supplies,Small Box,Regular Air,2014-03-18,21.97,35.44,21,744.24,0,0.00,744.24,4.92,749.16
5424-1,14/2/24,Chad McGuire,"73 MacLeay St,Potts Point",Sydney,NSW,Small Business,Natasha Song,Critical,Artisan Non-Stick Binders,Office Supplies,Small Box,Regular Air,2014-02-25,2.74,4.49,6,26.94,3,0.81,26.91,1.49,28.40
5881-1,15/5/1,Chad McGuire,"73 MacLeay St,Potts Point",Sydney,NSW,Small Business,Natasha Song,Not Specified,Smiths File Caddy,Office Supplies,Small Box,Regular Air,2015-05-02,4.03,9.38,31,290.78,8,23.26,290.70,7.28,297.98
5728-1,14/12/28,Charles Crestani,"Sydney Fish Market, Bank Street, Sydney",Sydney,NSW,Consumer,Phoebe Gour,High,Alto Perma 3000 Stacking Storage Drawers,Office Supplies,Small Box,Regular Air,2014-12-30,7.13,20.98,47,986.06,1,9.86,986.05,5.42,991.47
5935-1,15/6/11,Charles Crestani,"Sydney Fish Market, Bank Street, Sydney",Sydney,NSW,Consumer,Phoebe Gour,High,Steady Pocket Accent Highlighters,Office Supplies,Wrap Bag,Express Air,2015-06-13,0.93,1.60,24,38.40,4,1.54,38.36,1.29,39.65
6144-1,15/12/16,Charles Crestani,"Sydney Fish Market, Bank Street, Sydney",Sydney,NSW,Consumer,Phoebe Gour,Medium,Multimedia Mailers,Office Supplies,Small Box,Regular Air,2015-12-17,99.39,162.93,41,6680.13,1,66.80,6680.12,19.99,6700.11
5629-1,14/9/28,Charles McCrossin,"81 MacLeay St,Potts Point",Sydney,NSW,Corporate,Samantha Chairs,High,Smiths Paper Clips,Office Supplies,Wrap Bag,Regular Air,2014-09-29,1.53,2.47,49,121.03,3,3.63,121.00,1.02,122.02
5188-1,13/7/26,Charles Sheldon,"180 High Street,Windsor",Melbourne,VIC,Corporate,Connor Betts,Low,TechSavi Internet Navigator Keyboard,Technology,Small Box,Regular Air,2013-07-28,6.51,30.98,8,247.84,1,2.48,247.83,6.50,254.33
5362-1,14/1/7,Charlotte Melton,"211/25-29 Dixon St,Haymarket",Sydney,NSW,Home Office,Preston Senome,Medium,Smiths Bulldog Clip,Office Supplies,Wrap Bag,Regular Air,2014-01-08,2.31,3.78,47,177.66,2,3.55,177.64,0.71,178.35
5250-1,13/9/23,Chloris Kastensmidt,"7/370-374 Victoria Ave,Chatswood",Sydney,NSW,Consumer,Stevie Bacata,Low,"210 Trimline Phone, White",Technology,Medium Box,Regular Air,2013-09-30,9.91,15.99,27,431.73,1,4.32,431.72,11.28,443.00
6327-1,16/6/14,Christina Anderson,"438 Victoria Avenue,Chatswood",Sydney,NSW,Corporate,Natasha Song,Critical,Multimedia Mailers,Office Supplies,Small Box,Express Air,2016-06-15,99.39,162.93,36,5865.48,5,293.27,5865.43,19.99,5885.42
5040-1,13/3/16,Christina Vanderzanden,"188 Pitt Street,Sydney",Sydney,NSW,Small Business,Tina Carlton,Low,"Steady Colorific Colored Pencils, 12/Box",Office Supplies,Wrap Bag,Regular Air,2013-03-20,1.30,2.88,48,138.24,7,9.68,138.17,1.01,139.18
5618-1,14/9/13,Christina Vanderzanden,"188 Pitt Street,Sydney",Sydney,NSW,Small Business,Tina Carlton,Low,"Angle-D Binders with Locking Rings, Label Holders",Office Supplies,Small Box,Regular Air,2014-09-17,4.53,7.30,26,189.80,3,5.69,189.77,7.72,197.49
6252-1,16/4/3,Christina Vanderzanden,"188 Pitt Street,Sydney",Sydney,NSW,Small Business,Tina Carlton,Low,Bagged Rubber Bands,Office Supplies,Wrap Bag,Express Air,2016-04-03,0.24,1.26,40,50.40,4,2.02,50.36,0.70,51.06
6396-1,16/9/13,Christina Vanderzanden,"188 Pitt Street,Sydney",Sydney,NSW,Small Business,Tina Carlton,Low,Smiths File Caddy,Office Supplies,Small Box,Express Air,2016-09-20,4.03,9.38,46,431.48,9,38.83,431.39,7.28,438.67
5541-1,14/6/29,Christine Abelman,"Sydney Fish Market, Bank Street, Sydney",Sydney,NSW,Corporate,Phoebe Gour,Medium,Artisan 479 Labels,Office Supplies,Small Box,Regular Air,2014-06-29,1.59,2.61,44,114.84,9,10.34,114.75,0.50,115.25
6414-1,16/9/23,Christine Phan,"10 O'Connell St,Sydney",Sydney,NSW,Small Business,Aanya Zhang,Medium,3Max Organizer Strips,Office Supplies,Small Box,Regular Air,2016-09-26,3.40,5.40,38,205.20,3,6.16,205.17,7.78,212.95
5731-1,14/12/30,Christine Sundaresam,"7 Khartoum Rd,Macquarie Park",Sydney,NSW,Small Business,Preston Senome,Not Specified,Artisan Round Ring Poly Binders,Office Supplies,Small Box,Regular Air,2014-12-31,1.82,2.84,27,76.68,3,2.30,76.65,5.44,82.09
6019-1,15/8/11,Christine Sundaresam,"7 Khartoum Rd,Macquarie Park",Sydney,NSW,Small Business,Preston Senome,High,Pizazz Colored Pencils,Office Supplies,Wrap Bag,Regular Air,2015-08-14,1.76,2.94,39,114.66,4,4.59,114.62,0.81,115.43
5987-1,15/7/24,Christopher Conant,"120 Hardware St,Melbourne",Melbourne,VIC,Home Office,Connor Betts,High,Artisan Reinforcements for Hole-Punch Pages,Office Supplies,Small Box,Regular Air,2015-07-26,1.19,1.98,21,41.58,1,0.42,41.57,4.77,46.34
6417-1,16/9/26,Christopher Martinez,"188 Pitt Street,Sydney",Sydney,NSW,Small Business,Tina Carlton,Medium,"Artisan Flip-Chart Easel Binder, Black",Office Supplies,Small Box,Regular Air,2016-09-28,13.88,22.38,34,760.92,7,53.26,760.85,15.10,775.95
6417-2,16/9/26,Christopher Martinez,"188 Pitt Street,Sydney",Sydney,NSW,Small Business,Tina Carlton,Medium,TechSavi Cordless Access Keyboard,Technology,Small Box,Express Air,2016-09-27,14.70,29.99,36,1079.64,3,32.39,1079.61,5.50,1085.11
5507-1,14/6/3,Christopher Martinez,"188 Pitt Street,Sydney",Sydney,NSW,Small Business,Tina Carlton,High,Steady Major Accent Highlighters,Office Supplies,Wrap Bag,Regular Air,2014-06-05,3.75,7.08,45,318.60,6,19.12,318.54,2.35,320.89
5631-1,14/9/29,Christopher Martinez,"188 Pitt Street,Sydney",Sydney,NSW,Small Business,Tina Carlton,Low,OIC Thumb-Tacks,Office Supplies,Wrap Bag,Regular Air,2014-09-29,0.71,1.14,8,9.12,0,0.00,9.12,0.70,9.82
6532-1,16/12/18,Christopher Martinez,"188 Pitt Street,Sydney",Sydney,NSW,Home Office,Tina Carlton,Critical,Apex Box Cutter Scissors,Office Supplies,Small Pack,Regular Air,2016-12-19,4.19,10.23,19,194.37,5,9.72,194.32,4.68,199.00
5071-1,13/5/5,Christopher Schild,"4A Lyons St,Strathfield",Sydney,NSW,Corporate,Tina Carlton,Medium,"Laser Neon Mac Format Diskettes, 10/Pack",Technology,Small Pack,Regular Air,2013-05-06,1.87,8.12,41,332.92,6,19.98,332.86,2.83,335.69
5071-2,13/5/5,Christopher Schild,"4A Lyons St,Strathfield",Sydney,NSW,Corporate,Tina Carlton,Medium,Steady Liquid Accent Highlighters,Office Supplies,Wrap Bag,Regular Air,2013-05-06,3.47,6.68,2,13.36,1,0.13,13.35,1.50,14.85
5646-1,14/10/8,Christopher Schild,"4A Lyons St,Strathfield",Sydney,NSW,Corporate,Tina Carlton,High,Aluminum Document Frame,Furniture,Small Pack,Regular Air,2014-10-10,5.50,12.22,1,12.22,10,1.22,12.12,2.85,14.97
5868-1,15/4/24,Christopher Schild,"4A Lyons St,Strathfield",Sydney,NSW,Corporate,Tina Carlton,Low,Artisan Hi-Liter Fluorescent Desk Style Markers,Office Supplies,Wrap Bag,Regular Air,2015-04-24,1.76,3.38,31,104.78,4,4.19,104.74,0.85,105.59
5168-1,13/7/15,Christy Brittain,"Shop 1, 186-190 Church Street,Parramatta;46a Macleay Street,Potts Point",Sydney,NSW,Consumer,Mihael Khan,Critical,"Smiths Pen Style Liquid Stix; Assorted (yellow, pink, green, blue, orange), 5/Pack",Office Supplies,Wrap Bag,Regular Air,2013-07-16,3.88,6.47,20,129.40,2,2.59,129.38,1.22,130.60
5168-2,13/7/15,Christy Brittain,"Shop 1, 186-190 Church Street,Parramatta;46a Macleay Street,Potts Point",Sydney,NSW,Consumer,Mihael Khan,Critical,Steady Liquid Accent Tank-Style Highlighters,Office Supplies,Wrap Bag,Regular Air,2013-07-17,1.31,2.84,39,110.76,7,7.75,110.69,0.93,111.62
5352-1,13/12/29,Christy Brittain,"Shop 1, 186-190 Church Street,Parramatta;46a Macleay Street,Potts Point",Sydney,NSW,Consumer,Mihael Khan,Medium,"DrawIt Pizazz Watercolor Pencils, 10-Color Set with Brush",Office Supplies,Wrap Bag,Regular Air,2013-12-30,2.39,4.26,26,110.76,10,11.08,110.66,1.20,111.86
5773-1,15/1/23,Christy Brittain,"Shop 1, 186-190 Church Street,Parramatta;46a Macleay Street,Potts Point",Sydney,NSW,Consumer,Mihael Khan,Not Specified,"Message Book, One Form per Page",Office Supplies,Wrap Bag,Regular Air,2015-01-25,2.41,3.71,14,51.94,9,4.67,51.85,1.93,53.78
6315-1,16/5/31,Christy Brittain,"Shop 1, 186-190 Church Street,Parramatta;46a Macleay Street,Potts Point",Sydney,NSW,Consumer,Mihael Khan,Low,Office Shears by Apex,Office Supplies,Small Pack,Regular Air,2016-06-02,0.94,2.08,49,101.92,8,8.15,101.84,2.56,104.40
5877-1,15/4/29,Chuck Clark,"53-55 Liverpool St,Sydney",Sydney,NSW,Corporate,Tina Carlton,Low,Artisan 474 Labels,Office Supplies,Small Box,Regular Air,2015-05-04,1.84,2.88,29,83.52,3,2.51,83.49,0.99,84.48
6113-1,15/11/10,Chuck Clark,"53-55 Liverpool St,Sydney",Sydney,NSW,Corporate,Tina Carlton,Medium,Smiths File Caddy,Office Supplies,Small Box,Regular Air,2015-11-10,4.03,9.38,24,225.12,5,11.26,225.07,7.28,232.35
6321-1,16/6/11,Chuck Clark,"53-55 Liverpool St,Sydney",Sydney,NSW,Corporate,Tina Carlton,Critical,Steady Liquid Accent Tank-Style Highlighters,Office Supplies,Wrap Bag,Regular Air,2016-06-12,1.31,2.84,9,25.56,8,2.04,25.48,0.93,26.41
6442-1,16/10/19,Chuck Clark,"53-55 Liverpool St,Sydney",Sydney,NSW,Corporate,Tina Carlton,Critical,Apex Straight Scissors,Office Supplies,Small Pack,Regular Air,2016-10-21,5.19,12.98,49,636.02,9,57.24,635.93,3.14,639.07
5198-1,13/8/2,Chuck Magee,"1-2/299 Sussex St,Sydney",Sydney,NSW,Corporate,Aanya Zhang,Not Specified,Pizazz Drawing Pencil Set,Office Supplies,Wrap Bag,Express Air,2013-08-04,1.53,2.78,40,111.20,3,3.34,111.17,1.34,112.51
5315-1,13/11/19,Chuck Magee,"1-2/299 Sussex St,Sydney",Sydney,NSW,Corporate,Aanya Zhang,Medium,"Alto Parchment Paper, Assorted Colors",Office Supplies,Small Box,Regular Air,2013-11-21,4.59,7.28,3,21.84,1,0.22,21.83,11.15,32.98
5513-1,14/6/7,Chuck Sachs,"1/41B Elizabeth Bay Rd,Elizabeth Bay",Sydney,NSW,Consumer,Charlie Bui,Medium,Cando PC940 Copier,Technology,Jumbo Drum,Delivery Truck,2014-06-08,278.99,449.99,5,2249.95,1,22.50,2249.94,49.00,2298.94
5627-1,14/9/27,Cindy Chapman,"53-55 Liverpool St,Sydney",Sydney,NSW,Corporate,Tina Carlton,Low,Office Shears by Apex,Office Supplies,Small Pack,Regular Air,2014-10-02,0.94,2.08,36,74.88,1,0.75,74.87,2.56,77.43
6269-1,16/4/23,Cindy Chapman,"53-55 Liverpool St,Sydney",Sydney,NSW,Corporate,Tina Carlton,Not Specified,Bagged Rubber Bands,Office Supplies,Wrap Bag,Regular Air,2016-04-24,0.24,1.26,11,13.86,0,0.00,13.86,0.70,14.56
6339-1,16/6/25,Cindy Chapman,"53-55 Liverpool St,Sydney",Sydney,NSW,Corporate,Tina Carlton,Not Specified,Wirebound Voice Message Log Book,Office Supplies,Wrap Bag,Regular Air,2016-06-27,2.90,4.76,5,23.80,9,2.14,23.71,0.88,24.59
6523-1,16/12/10,Cindy Chapman,"53-55 Liverpool St,Sydney",Sydney,NSW,Corporate,Tina Carlton,Critical,Bagged Rubber Bands,Office Supplies,Wrap Bag,Regular Air,2016-12-12,0.24,1.26,37,46.62,3,1.40,46.59,0.70,47.29
6541-1,16/12/28,Cindy Chapman,"53-55 Liverpool St,Sydney",Sydney,NSW,Consumer,Tina Carlton,High,Artisan Binding System Hidden Tab Executive Style Index Sets,Office Supplies,Small Box,Regular Air,2016-12-30,3.75,5.77,42,242.34,0,0.00,242.34,4.97,247.31
6577-1,17/2/2,Cindy Chapman,"53-55 Liverpool St,Sydney",Sydney,NSW,Corporate,Tina Carlton,Not Specified,Steady Major Accent Highlighters,Office Supplies,Wrap Bag,Regular Air,2017-02-04,3.75,7.08,46,325.68,10,32.57,325.58,2.35,327.93
5875-1,15/4/28,Cindy Schnelling,"240-242 Johnston Street,Fitzroy",Melbourne,VIC,Corporate,Connor Betts,Not Specified,Emerson Stylus 1520 Color Inkjet Printer,Technology,Jumbo Drum,Delivery Truck,2015-05-01,315.61,500.97,44,22042.68,9,1983.84,22042.59,69.30,22111.89
5919-1,15/5/29,Cindy Schnelling,"240-242 Johnston Street,Fitzroy",Melbourne,VIC,Corporate,Connor Betts,High,Artisan 474 Labels,Office Supplies,Small Box,Regular Air,2015-05-31,1.84,2.88,24,69.12,7,4.84,69.05,0.99,70.04
6110-1,15/11/7,Cindy Schnelling,"240-242 Johnston Street,Fitzroy",Melbourne,VIC,Corporate,Connor Betts,Critical,Steady Liquid Accent Highlighters,Office Supplies,Wrap Bag,Regular Air,2015-11-08,3.47,6.68,12,80.16,6,4.81,80.10,1.50,81.60
5278-1,13/10/20,Cindy Stewart,"1/173-179 Bronte Rd,Waverley",Sydney,NSW,Corporate,Leighton Forrest,Critical,Artisan 479 Labels,Office Supplies,Small Box,Express Air,2013-10-20,1.59,2.61,1,2.61,6,0.16,2.55,0.50,3.05
5316-1,13/11/20,Cindy Stewart,"1/173-179 Bronte Rd,Waverley",Sydney,NSW,Consumer,Leighton Forrest,Low,Emerson C82 Color Inkjet Printer,Technology,Jumbo Drum,Delivery Truck,2013-11-27,76.79,119.99,4,479.96,6,28.80,479.90,14.00,493.90
6052-1,15/9/2,Cindy Stewart,"1/173-179 Bronte Rd,Waverley",Sydney,NSW,Corporate,Leighton Forrest,Medium,UGen Ultra Professional Cordless Optical Suite,Technology,Small Box,Regular Air,2015-09-04,156.50,300.97,20,6019.40,5,300.97,6019.35,7.18,6026.53
6290-1,16/5/9,Cindy Stewart,"1/173-179 Bronte Rd,Waverley",Sydney,NSW,Corporate,Leighton Forrest,High,"24 Capacity Maxi Data Binder Racks, Pearl",Office Supplies,Small Box,Regular Air,2016-05-11,84.22,210.55,4,842.20,5,42.11,842.15,9.99,852.14
5786-1,15/2/3,Claire Good,"7/370-374 Victoria Ave,Chatswood",Sydney,NSW,Home Office,Stevie Bacata,Medium,Artisan Hi-Liter Fluorescent Desk Style Markers,Office Supplies,Wrap Bag,Express Air,2015-02-03,1.76,3.38,5,16.90,8,1.35,16.82,0.85,17.67
6213-1,16/2/22,Clay Cheatham,"Macquarie Centre Cnr Herring Road & Waterloo Road,Macquarie Park",Sydney,NSW,Small Business,Nicholas Fernandes,Not Specified,Cando PC940 Copier,Technology,Jumbo Drum,Delivery Truck,2016-02-23,278.99,449.99,38,17099.62,1,171.00,17099.61,49.00,17148.61
6335-1,16/6/20,Clay Ludtke,"7 Khartoum Rd,Macquarie Park",Sydney,NSW,Consumer,Preston Senome,High,"DrawIt Colored Pencils, 48-Color Set",Office Supplies,Wrap Bag,Regular Air,2016-06-21,21.56,36.55,34,1242.70,10,124.27,1242.60,13.89,1256.49
6390-1,16/8/31,Clay Ludtke,"7 Khartoum Rd,Macquarie Park",Sydney,NSW,Consumer,Preston Senome,Critical,Alto Memo Cubes,Office Supplies,Wrap Bag,Regular Air,2016-09-02,3.32,5.18,32,165.76,6,9.95,165.70,2.04,167.74
5755-1,15/1/15,Clay Rozendal,"8 Rankins Lane ,Melbourne",Melbourne,VIC,Corporate,Connor Betts,Critical,Artisan 474 Labels,Office Supplies,Small Box,Regular Air,2015-01-17,1.84,2.88,27,77.76,6,4.67,77.70,0.99,78.69
5498-1,14/5/25,Clytie Kelty,"8 Khartoum Rd,Macquarie Park",Sydney,NSW,Small Business,Radhya Staples,Low,Cando PC940 Copier,Technology,Jumbo Drum,Delivery Truck,2014-05-29,278.99,449.99,47,21149.53,10,2114.95,21149.43,49.00,21198.43
6088-1,15/10/13,Clytie Kelty,"8 Khartoum Rd,Macquarie Park",Sydney,NSW,Small Business,Radhya Staples,Low,Cando PC940 Copier,Technology,Jumbo Drum,Delivery Truck,2015-10-15,278.99,449.99,47,21149.53,2,422.99,21149.51,49.00,21198.51
6261-1,16/4/11,Corey Lock,"Westfield 1 Anderson St,Chatswood",Sydney,NSW,Home Office,Nicholas Fernandes,High,"DrawIt Pizazz Watercolor Pencils, 10-Color Set with Brush",Office Supplies,Wrap Bag,Express Air,2016-04-12,2.39,4.26,34,144.84,3,4.35,144.81,1.20,146.01
5194-1,13/7/30,Corinna Mitchell,"27 Greenfield Parade,Bankstown",Sydney,NSW,Corporate,Nicholas Fernandes,Not Specified,Emerson C82 Color Inkjet Printer,Technology,Jumbo Drum,Delivery Truck,2013-07-31,76.79,119.99,24,2879.76,2,57.60,2879.74,14.00,2893.74
5778-1,15/1/30,Corinna Mitchell,"27 Greenfield Parade,Bankstown",Sydney,NSW,Corporate,Nicholas Fernandes,Not Specified,Adesso Programmable 142-Key Keyboard,Technology,Small Box,Regular Air,2015-01-31,32.02,152.48,21,3202.08,3,96.06,3202.05,4.00,3206.05
5050-1,13/4/19,Craig Carroll,"99 Lygon Street,East Brunswick",Melbourne,VIC,Corporate,Connor Betts,Not Specified,Artisan Printable Repositionable Plastic Tabs,Office Supplies,Small Box,Regular Air,2013-04-20,5.33,8.60,36,309.60,6,18.58,309.54,6.19,315.73
5166-1,13/7/10,Craig Carroll,"99 Lygon Street,East Brunswick",Melbourne,VIC,Corporate,Connor Betts,Not Specified,DrawIt Colored Pencils,Office Supplies,Wrap Bag,Regular Air,2013-07-13,4.37,9.11,6,54.66,4,2.19,54.62,2.25,56.87
6140-1,15/12/9,Craig Carroll,"99 Lygon Street,East Brunswick",Melbourne,VIC,Corporate,Connor Betts,High,12 Colored Short Pencils,Office Supplies,Wrap Bag,Regular Air,2015-12-09,1.09,2.60,14,36.40,8,2.91,36.32,2.40,38.72
5533-1,14/6/22,Craig Leslie,"10 Bligh St,Melbourne",Melbourne,VIC,Consumer,Charlie Bui,Medium,Artisan 478 Labels,Office Supplies,Small Box,Express Air,2014-06-24,3.14,4.91,24,117.84,1,1.18,117.83,0.50,118.33
6242-1,16/3/27,Craig Leslie,"10 Bligh St,Melbourne",Melbourne,VIC,Consumer,Charlie Bui,High,Cando PC940 Copier,Technology,Large Box,Regular Air,2016-03-28,216.00,449.99,49,22049.51,6,1322.97,22049.45,24.49,22073.94
5848-1,15/4/8,Craig Molinari,"Shop 1 797 Botany Rd,Rosebery",Sydney,NSW,Small Business,Phoebe Gour,Not Specified,"Wirebound Message Book, 4 per Page",Office Supplies,Wrap Bag,Regular Air,2015-04-09,3.48,5.43,13,70.59,2,1.41,70.57,0.95,71.52
5145-1,13/6/29,Cyma Kinney,"Sydney Fish Market, Bank Street, Sydney",Sydney,NSW,Small Business,Phoebe Gour,Low,Alto Memo Cubes,Office Supplies,Wrap Bag,Express Air,2013-07-04,3.32,5.18,1,5.18,2,0.10,5.16,2.04,7.20
5145-2,13/6/29,Cyma Kinney,"Sydney Fish Market, Bank Street, Sydney",Sydney,NSW,Small Business,Phoebe Gour,Low,Artisan Hi-Liter Smear-Safe Highlighters,Office Supplies,Wrap Bag,Regular Air,2013-07-03,2.98,5.84,4,23.36,9,2.10,23.27,0.83,24.10
6189-1,16/2/4,Cyma Kinney,"Sydney Fish Market, Bank Street, Sydney",Sydney,NSW,Small Business,Phoebe Gour,Not Specified,Steady 52201 APSCO Electric Pencil Sharpener,Office Supplies,Small Pack,Express Air,2016-02-05,16.80,40.97,49,2007.53,4,80.30,2007.49,8.99,2016.48
6240-1,16/3/26,Cyma Kinney,"Sydney Fish Market, Bank Street, Sydney",Sydney,NSW,Small Business,Phoebe Gour,Critical,Artisan 479 Labels,Office Supplies,Small Box,Regular Air,2016-03-28,1.59,2.61,8,20.88,2,0.42,20.86,0.50,21.36
5216-1,13/8/20,Cynthia Arntzen,"Hoyts Entertainment Quarter 122 Lang Road,Moore Park",Sydney,NSW,Small Business,Tina Carlton,Low,Steady Liquid Accent Highlighters,Office Supplies,Wrap Bag,Regular Air,2013-08-22,3.47,6.68,5,33.40,9,3.01,33.31,1.50,34.81
6434-1,16/10/14,Cynthia Arntzen,"Hoyts Entertainment Quarter 122 Lang Road,Moore Park",Sydney,NSW,Small Business,Tina Carlton,Medium,Beekin 105-Key Black Keyboard,Technology,Small Box,Regular Air,2016-10-17,6.39,19.98,9,179.82,6,10.79,179.76,4.00,183.76
6550-1,17/1/4,Cynthia Arntzen,"Hoyts Entertainment Quarter 122 Lang Road,Moore Park",Sydney,NSW,Small Business,Tina Carlton,Medium,Smiths Metal Binder Clips,Office Supplies,Wrap Bag,Regular Air,2017-01-06,1.60,2.62,35,91.70,4,3.67,91.66,0.80,92.46
5256-1,13/9/30,Cynthia Delaney,"1/160 Anzac Parade,Kensington",Sydney,NSW,Corporate,Natasha Song,Not Specified,Alto Memo Cubes,Office Supplies,Wrap Bag,Regular Air,2013-10-02,3.32,5.18,10,51.80,1,0.52,51.79,2.04,53.83
5977-1,15/7/18,Cynthia Delaney,"1/160 Anzac Parade,Kensington",Sydney,NSW,Corporate,Natasha Song,High,Apex Preferred Stainless Steel Scissors,Office Supplies,Small Pack,Regular Air,2015-07-20,2.50,5.68,21,119.28,7,8.35,119.21,3.60,122.81
6391-1,16/9/3,Cynthia Voltz,"Westfield Miranda, 600 Kingsway,Miranda",Sydney,NSW,Corporate,Preston Senome,Not Specified,TechSavi Access Keyboard,Technology,Small Box,Regular Air,2016-09-05,10.07,15.98,30,479.40,8,38.35,479.32,4.00,483.32
6065-1,15/9/11,Cyra Reiten,"Westfield 1 Anderson St,Chatswood",Sydney,NSW,Consumer,Nicholas Fernandes,Not Specified,Pizazz Colored Pencils,Office Supplies,Wrap Bag,Express Air,2015-09-11,1.76,2.94,47,138.18,4,5.53,138.14,0.81,138.95
6169-1,16/1/17,Cyra Reiten,"Westfield 1 Anderson St,Chatswood",Sydney,NSW,Consumer,Nicholas Fernandes,Medium,"Laser Neon Mac Format Diskettes, 10/Pack",Technology,Small Pack,Regular Air,2016-01-17,1.87,8.12,36,292.32,10,29.23,292.22,2.83,295.05
6485-1,16/11/10,Cyra Reiten,"Westfield 1 Anderson St,Chatswood",Sydney,NSW,Consumer,Nicholas Fernandes,Not Specified,Laser DVD-RAM discs,Technology,Small Pack,Regular Air,2016-11-12,20.18,35.41,21,743.61,9,66.92,743.52,1.99,745.51
6083-1,15/10/1,Damala Kotsonis,"Macquarie Centre Cnr Herring Road & Waterloo Road,Macquarie Park",Sydney,NSW,Corporate,Nicholas Fernandes,Low,"Artisan Hi-Liter Comfort Grip Fluorescent Highlighter, Yellow Ink",Office Supplies,Wrap Bag,Regular Air,2015-10-10,1.05,1.95,4,7.80,9,0.70,7.71,1.63,9.34
5286-1,13/10/25,Dan Campbell,"1/173-179 Bronte Rd,Waverley",Sydney,NSW,Small Business,Leighton Forrest,High,Brown Kraft Recycled Envelopes,Office Supplies,Small Box,Regular Air,2013-10-27,11.04,16.98,27,458.46,10,45.85,458.36,12.39,470.75
5332-1,13/12/9,Dan Campbell,"1/173-179 Bronte Rd,Waverley",Sydney,NSW,Corporate,Leighton Forrest,Critical,Bagged Rubber Bands,Office Supplies,Wrap Bag,Regular Air,2013-12-09,0.24,1.26,9,11.34,6,0.68,11.28,0.70,11.98
6037-1,15/8/24,Dan Campbell,"1/173-179 Bronte Rd,Waverley",Sydney,NSW,Small Business,Leighton Forrest,Critical,Steady 52201 APSCO Electric Pencil Sharpener,Office Supplies,Small Pack,Regular Air,2015-08-26,16.80,40.97,28,1147.16,4,45.89,1147.12,8.99,1156.11
6411-1,16/9/21,Dan Campbell,"1/173-179 Bronte Rd,Waverley",Sydney,NSW,Corporate,Leighton Forrest,Medium,Artisan Binder Labels,Office Supplies,Small Box,Regular Air,2016-09-21,2.45,3.89,50,194.50,8,15.56,194.42,7.01,201.43
6487-1,16/11/12,Dan Campbell,"1/173-179 Bronte Rd,Waverley",Sydney,NSW,Small Business,Leighton Forrest,Not Specified,Smiths Colored Interoffice Envelopes,Office Supplies,Small Box,Regular Air,2016-11-12,19.83,30.98,15,464.70,0,0.00,464.70,19.51,484.21
6136-1,15/12/6,Dan Lawera,"Macquarie Centre Cnr Herring Road & Waterloo Road,Macquarie Park",Sydney,NSW,Corporate,Nicholas Fernandes,Not Specified,Smiths General Use 3-Ring Binders,Office Supplies,Small Box,Regular Air,2015-12-07,1.18,1.88,20,37.60,7,2.63,37.53,1.49,39.02
6300-1,16/5/21,Dana Kaydos,"152 Bunnerong Road,Eastgardens",Sydney,NSW,Corporate,Tina Carlton,Critical,Aluminum Document Frame,Furniture,Small Pack,Regular Air,2016-05-22,5.50,12.22,10,122.20,1,1.22,122.19,2.85,125.04
5539-1,14/6/29,Daniel Byrd,"127 Liverpool St,Sydney",Sydney,NSW,Home Office,Samantha Chairs,Not Specified,"Angle-D Binders with Locking Rings, Label Holders",Office Supplies,Small Box,Regular Air,2014-06-30,4.53,7.30,50,365.00,2,7.30,364.98,7.72,372.70
5539-2,14/6/29,Daniel Byrd,"127 Liverpool St,Sydney",Sydney,NSW,Home Office,Samantha Chairs,Not Specified,Smiths Paper Clips,Office Supplies,Wrap Bag,Regular Air,2014-06-30,1.53,2.47,43,106.21,2,2.12,106.19,1.02,107.21
6306-1,16/5/23,Daniel Lacy,"85-113 Dunning Ave,Roseberry",Sydney,NSW,Small Business,Mihael Khan,High,"DrawIt Pizazz Watercolor Pencils, 10-Color Set with Brush",Office Supplies,Wrap Bag,Express Air,2016-05-24,2.39,4.26,5,21.30,1,0.21,21.29,1.20,22.49
5068-1,13/5/3,Dario Medina,"60 York St,Sydney",Sydney,NSW,Small Business,Charlie Bui,Critical,Smiths Standard Envelopes,Office Supplies,Small Box,Regular Air,2013-05-05,3.52,5.68,20,113.60,7,7.95,113.53,1.39,114.92
5038-1,13/3/13,Darren Powers,"120 Hardware St,Melbourne",Melbourne,VIC,Corporate,Connor Betts,Low,OIC Thumb-Tacks,Office Supplies,Wrap Bag,Regular Air,2013-03-13,0.71,1.14,38,43.32,2,0.87,43.30,0.70,44.00
5234-1,13/9/4,Darrin Martin,"221 Barkly St,St Kilda",Melbourne,VIC,Small Business,Yvette Biti,Not Specified,Alto Memo Cubes,Office Supplies,Wrap Bag,Express Air,2013-09-06,3.32,5.18,37,191.66,7,13.42,191.59,2.04,193.63
6187-1,16/2/3,Darrin Martin,"221 Barkly St,St Kilda",Melbourne,VIC,Small Business,Yvette Biti,Low,Smiths Bulk Pack Metal Binder Clips,Office Supplies,Wrap Bag,Regular Air,2016-02-05,3.95,6.08,42,255.36,9,22.98,255.27,1.82,257.09
5280-1,13/10/21,Darrin Sayre,"Sydney Fish Market, Bank Street, Sydney",Sydney,NSW,Consumer,Phoebe Gour,Not Specified,Artisan Hanging File Binders,Office Supplies,Small Box,Regular Air,2013-10-23,3.65,5.98,40,239.20,0,0.00,239.20,1.49,240.69
5775-1,15/1/26,Darrin Sayre,"Sydney Fish Market, Bank Street, Sydney",Sydney,NSW,Consumer,Phoebe Gour,Not Specified,OIC Thumb-Tacks,Office Supplies,Wrap Bag,Regular Air,2015-01-28,0.71,1.14,42,47.88,6,2.87,47.82,0.70,48.52
6264-1,16/4/17,Darrin Sayre,"Sydney Fish Market, Bank Street, Sydney",Sydney,NSW,Consumer,Phoebe Gour,Low,"Artisan Hi-Liter Comfort Grip Fluorescent Highlighter, Yellow Ink",Office Supplies,Wrap Bag,Regular Air,2016-04-19,1.05,1.95,23,44.85,9,4.04,44.76,1.63,46.39
5388-1,14/1/25,Darrin Van Huff,"53-55 Liverpool St,Sydney",Sydney,NSW,Home Office,Tina Carlton,Medium,12 Colored Short Pencils,Office Supplies,Wrap Bag,Regular Air,2014-01-27,1.09,2.60,27,70.20,9,6.32,70.11,2.40,72.51
6393-1,16/9/6,Darrin Van Huff,"53-55 Liverpool St,Sydney",Sydney,NSW,Home Office,Tina Carlton,Medium,300 Series Non-Flip,Technology,Small Box,Express Air,2016-09-08,62.40,155.99,22,3431.78,2,68.64,3431.76,8.08,3439.84
5736-1,15/1/2,Dave Hallsten,"1 John St,Waterloo",Sydney,NSW,Home Office,Charlie Bui,Medium,Col-Erase Pencils with Erasers,Office Supplies,Wrap Bag,Regular Air,2015-01-04,2.68,6.08,30,182.40,4,7.30,182.36,1.17,183.53
6009-1,15/8/3,Dave Hallsten,"1 John St,Waterloo",Sydney,NSW,Corporate,Charlie Bui,Low,Economy Binders,Office Supplies,Small Box,Regular Air,2015-08-08,1.33,2.08,20,41.60,10,4.16,41.50,1.49,42.99
6167-1,16/1/12,Dave Hallsten,"1 John St,Waterloo",Sydney,NSW,Home Office,Charlie Bui,High,Artisan Legal 4-Ring Binder,Office Supplies,Small Box,Regular Air,2016-01-14,13.64,20.98,34,713.32,7,49.93,713.25,1.49,714.74
6371-1,16/8/15,Dave Hallsten,"1 John St,Waterloo",Sydney,NSW,Corporate,Charlie Bui,Low,Artisan Binder Labels,Office Supplies,Small Box,Express Air,2016-08-20,2.45,3.89,30,116.70,9,10.50,116.61,7.01,123.62
6553-1,17/1/10,Dave Hallsten,"1 John St,Waterloo",Sydney,NSW,Home Office,Charlie Bui,Medium,Artisan 474 Labels,Office Supplies,Small Box,Regular Air,2017-01-11,1.84,2.88,22,63.36,2,1.27,63.34,0.99,64.33
5075-1,13/5/5,Dave Kipp,"221 Barkly St,St Kilda",Melbourne,VIC,Corporate,Yvette Biti,Low,TechSavi Access Keyboard,Technology,Small Box,Regular Air,2013-05-10,10.07,15.98,34,543.32,10,54.33,543.22,4.00,547.22
5099-1,13/5/21,Dave Kipp,"221 Barkly St,St Kilda",Melbourne,VIC,Consumer,Yvette Biti,High,Apex Elite Stainless Steel Scissors,Office Supplies,Small Pack,Regular Air,2013-05-21,3.42,8.34,24,200.16,10,20.02,200.06,2.64,202.70
5211-1,13/8/12,Dave Poirier,"402 Argyle St,Moss Vale",Sydney,NSW,Small Business,Natasha Song,High,Economy Rollaway Files,Office Supplies,Small Box,Express Air,2013-08-14,67.73,165.20,37,6112.40,4,244.50,6112.36,19.99,6132.35
6426-1,16/10/1,David Flashing,"Westfield 1 Anderson St,Chatswood",Sydney,NSW,Home Office,Nicholas Fernandes,Medium,"Steady Colorific Colored Pencils, 12/Box",Office Supplies,Wrap Bag,Regular Air,2016-10-02,1.30,2.88,46,132.48,5,6.62,132.43,1.01,133.44
5790-1,15/2/4,David Smith,"85-113 Dunning Ave,Roseberry",Sydney,NSW,Small Business,Mihael Khan,Critical,Smiths Bulldog Clip,Office Supplies,Wrap Bag,Regular Air,2015-02-06,2.31,3.78,34,128.52,3,3.86,128.49,0.71,129.20
5471-1,14/4/17,Dean Percer,"222 Barkly St,St Kilda",Melbourne,VIC,Home Office,Yvette Biti,Medium,Apex Box Cutter Scissors,Office Supplies,Small Pack,Regular Air,2014-04-18,4.19,10.23,22,225.06,7,15.75,224.99,4.68,229.67
6359-1,16/8/2,Dean Percer,"222 Barkly St,St Kilda",Melbourne,VIC,Home Office,Yvette Biti,Not Specified,Deluxe Rollaway Locking File with Drawer,Office Supplies,Small Box,Regular Air,2016-08-04,178.83,415.88,4,1663.52,4,66.54,1663.48,11.37,1674.85
6235-1,16/3/21,Deanra Eno,"412 Brunswick St,Fitzroy",Melbourne,VIC,Corporate,Connor Betts,Medium,1726 Digital Answering Machine,Technology,Medium Box,Regular Air,2016-03-22,8.82,20.99,2,41.98,7,2.94,41.91,4.81,46.72
5122-1,13/6/5,Deborah Brumfield,"501 George St,Sydney",Sydney,NSW,Corporate,Samantha Chairs,Low,UGen Ultra Professional Cordless Optical Suite,Technology,Small Box,Regular Air,2013-06-05,156.50,300.97,38,11436.86,9,1029.32,11436.77,7.18,11443.95
5494-1,14/5/17,Deborah Brumfield,"501 George St,Sydney",Sydney,NSW,Small Business,Samantha Chairs,Not Specified,Apex Straight Scissors,Office Supplies,Small Pack,Regular Air,2014-05-18,5.19,12.98,20,259.60,4,10.38,259.56,3.14,262.70
5867-1,15/4/23,Deborah Brumfield,"501 George St,Sydney",Sydney,NSW,Small Business,Samantha Chairs,High,HFX LaserJet 3310 Copier,Technology,Large Box,Regular Air,2015-04-23,377.99,599.99,50,29999.50,9,2699.96,29999.41,24.49,30023.90
6353-1,16/7/12,Debra Catini,"506 Swan Street,Richmond",Melbourne,VIC,Small Business,Connor Betts,Medium,Artisan Hanging File Binders,Office Supplies,Small Box,Regular Air,2016-07-13,3.65,5.98,22,131.56,7,9.21,131.49,1.49,132.98
6243-1,16/3/27,Deirdre Greer,"33/4 Barangaroo Avenue,Sydney",Sydney,NSW,Home Office,Natasha Song,Low,Cando S750 Color Inkjet Printer,Technology,Jumbo Drum,Delivery Truck,2016-04-03,75.00,120.97,42,5080.74,0,0.00,5080.74,26.30,5107.04
5434-1,14/3/6,Delfina Latchford,"8 Rankins Lane ,Melbourne",Melbourne,VIC,Small Business,Connor Betts,Critical,Beekin 6 Outlet Metallic Surge Strip,Office Supplies,Small Box,Regular Air,2014-03-07,4.46,10.89,32,348.48,10,34.85,348.38,4.50,352.88
5156-1,13/7/3,Denise Leinenbach,"8 Rankins Lane ,Melbourne",Melbourne,VIC,Home Office,Connor Betts,High,Self-Adhesive Removable Labels,Office Supplies,Small Box,Regular Air,2013-07-05,1.98,3.15,23,72.45,1,0.72,72.44,0.49,72.93
6071-1,15/9/25,Denise Leinenbach,"8 Rankins Lane ,Melbourne",Melbourne,VIC,Home Office,Connor Betts,Not Specified,Artisan Legal 4-Ring Binder,Office Supplies,Small Box,Regular Air,2015-09-26,13.64,20.98,10,209.80,6,12.59,209.74,1.49,211.23
5943-1,15/6/25,Denise Monton,"2/797 Botany Rd,Rosebery",Sydney,NSW,Home Office,Samantha Chairs,Medium,12 Colored Short Pencils,Office Supplies,Wrap Bag,Regular Air,2015-06-25,1.09,2.60,26,67.60,8,5.41,67.52,2.40,69.92
5943-2,15/6/25,Denise Monton,"2/797 Botany Rd,Rosebery",Sydney,NSW,Home Office,Samantha Chairs,Medium,TechSavi Cordless Navigator Duo,Technology,Small Box,Regular Air,2015-06-27,42.11,80.98,34,2753.32,2,55.07,2753.30,7.18,2760.48
5350-1,13/12/27,Denise Monton,"2/797 Botany Rd,Rosebery",Sydney,NSW,Home Office,Samantha Chairs,Low,Binding Machine Supplies,Office Supplies,Small Box,Regular Air,2013-12-29,18.38,29.17,37,1079.29,9,97.14,1079.20,6.27,1085.47
6349-1,16/7/5,Denise Monton,"2/797 Botany Rd,Rosebery",Sydney,NSW,Home Office,Samantha Chairs,Not Specified,Artisan Poly Binder Pockets,Office Supplies,Small Box,Express Air,2016-07-07,2.26,3.58,36,128.88,4,5.16,128.84,5.47,134.31
6128-1,15/11/28,Dennis Bolton,"8 Quay Street,Haymarket",Sydney,NSW,Small Business,Leighton Forrest,Critical,"Smiths Pen Style Liquid Stix; Assorted (yellow, pink, green, blue, orange), 5/Pack",Office Supplies,Wrap Bag,Regular Air,2015-11-30,3.88,6.47,16,103.52,1,1.04,103.51,1.22,104.73
6369-1,16/8/11,Dennis Bolton,"8 Quay Street,Haymarket",Sydney,NSW,Consumer,Leighton Forrest,High,Artisan 487 Labels,Office Supplies,Small Box,Regular Air,2016-08-13,2.29,3.69,13,47.97,4,1.92,47.93,0.50,48.43
5302-1,13/11/7,Dennis Kane,"33/4 Barangaroo Avenue,Sydney",Sydney,NSW,Small Business,Natasha Song,Medium,Steady Major Accent Highlighters,Office Supplies,Wrap Bag,Express Air,2013-11-08,3.75,7.08,29,205.32,7,14.37,205.25,2.35,207.60
5400-1,14/2/5,Dennis Kane,"33/4 Barangaroo Avenue,Sydney",Sydney,NSW,Small Business,Natasha Song,Medium,Cando PC940 Copier,Technology,Jumbo Drum,Delivery Truck,2014-02-06,278.99,449.99,39,17549.61,8,1403.97,17549.53,49.00,17598.53
5405-1,14/2/10,Dennis Pardue,"412 Brunswick St,Fitzroy",Melbourne,VIC,Small Business,Connor Betts,Critical,1726 Digital Answering Machine,Technology,Medium Box,Regular Air,2014-02-11,8.82,20.99,42,881.58,7,61.71,881.51,4.81,886.32
5439-1,14/3/13,Dennis Pardue,"412 Brunswick St,Fitzroy",Melbourne,VIC,Corporate,Connor Betts,Low,Steady Major Accent Highlighters,Office Supplies,Wrap Bag,Regular Air,2014-03-13,3.75,7.08,34,240.72,3,7.22,240.69,2.35,243.04
5882-1,15/5/2,Denny Blanton,"105 Pitt St,Sydney",Sydney,NSW,Home Office,Charlie Bui,Critical,Apex Elite Stainless Steel Scissors,Office Supplies,Small Pack,Regular Air,2015-05-03,3.42,8.34,21,175.14,3,5.25,175.11,2.64,177.75
5574-1,14/7/30,Denny Joy,"99 Lygon Street,East Brunswick",Melbourne,VIC,Corporate,Connor Betts,Medium,Security-Tint Envelopes,Office Supplies,Small Box,Regular Air,2014-08-01,4.89,7.64,7,53.48,6,3.21,53.42,1.39,54.81
6263-1,16/4/13,Denny Joy,"99 Lygon Street,East Brunswick",Melbourne,VIC,Corporate,Connor Betts,Critical,Cando PC940 Copier,Technology,Jumbo Drum,Delivery Truck,2016-04-15,278.99,449.99,43,19349.57,6,1160.97,19349.51,49.00,19398.51
5106-1,13/5/26,Denny Ordway,"523 King St,Newtown",Sydney,NSW,Small Business,Aanya Zhang,Critical,Artisan 48 Labels,Office Supplies,Small Box,Regular Air,2013-05-26,3.84,6.30,42,264.60,7,18.52,264.53,0.50,265.03
5873-1,15/4/28,Dianna Arnett,"99 Lygon Street,East Brunswick",Melbourne,VIC,Home Office,Connor Betts,Low,Artisan Hanging File Binders,Office Supplies,Small Box,Express Air,2015-04-30,3.65,5.98,50,299.00,9,26.91,298.91,1.49,300.40
5510-1,14/6/4,Dianna Wilson,"310 Wattle St,Ultimo",Sydney,NSW,Small Business,Aanya Zhang,Not Specified,UGen Ultra Professional Cordless Optical Suite,Technology,Small Box,Regular Air,2014-06-05,156.50,300.97,6,1805.82,4,72.23,1805.78,7.18,1812.96
5364-1,14/1/8,Dionis Lloyd,"85-113 Dunning Ave,Rosebery",Sydney,NSW,Small Business,Mihael Khan,Low,"Artisan Flip-Chart Easel Binder, Black",Office Supplies,Small Box,Regular Air,2014-01-15,13.88,22.38,21,469.98,4,18.80,469.94,15.10,485.04
5449-1,14/3/28,Dionis Lloyd,"85-113 Dunning Ave,Rosebery",Sydney,NSW,Small Business,Mihael Khan,High,Brown Kraft Recycled Envelopes,Office Supplies,Small Box,Regular Air,2014-03-28,11.04,16.98,31,526.38,3,15.79,526.35,12.39,538.74
6206-1,16/2/16,Dionis Lloyd,"85-113 Dunning Ave,Rosebery",Sydney,NSW,Small Business,Mihael Khan,Not Specified,"Angle-D Binders with Locking Rings, Label Holders",Office Supplies,Small Box,Regular Air,2016-02-17,4.53,7.30,36,262.80,10,26.28,262.70,7.72,270.42
6208-1,16/2/16,Don Jones,"6-8 O'Connell Street,Newtown",Sydney,NSW,Corporate,Nicholas Fernandes,Low,Unpadded Memo Slips,Office Supplies,Wrap Bag,Regular Air,2016-02-21,2.59,3.98,11,43.78,1,0.44,43.77,2.97,46.74
5349-1,13/12/23,Don Miller,"120 Hardware St,Melbourne",Melbourne,VIC,Home Office,Connor Betts,Medium,Artisan 478 Labels,Office Supplies,Small Box,Regular Air,2013-12-23,3.14,4.91,12,58.92,4,2.36,58.88,0.50,59.38
6266-1,16/4/18,Don Weiss,"79 Elliott St,Balmain",Sydney,NSW,Corporate,Aanya Zhang,Medium,"3Max Polarizing Task Lamp with Clamp Arm, Light Gray",Furniture,Large Box,Regular Air,2016-04-19,56.16,136.98,14,1917.72,0,0.00,1917.72,24.49,1942.21
6266-2,16/4/18,Don Weiss,"79 Elliott St,Balmain",Sydney,NSW,Corporate,Aanya Zhang,Medium,Binder Clips by OIC,Office Supplies,Wrap Bag,Regular Air,2016-04-20,0.93,1.48,3,4.44,10,0.44,4.34,0.70,5.04
5591-1,14/8/22,Dorris Love,"359 Crown Street,Surry Hills",Sydney,NSW,Home Office,Phoebe Gour,Not Specified,Smiths File Caddy,Office Supplies,Small Box,Regular Air,2014-08-23,4.03,9.38,17,159.46,9,14.35,159.37,7.28,166.65
5799-1,15/2/12,Dorris Love,"359 Crown Street,Surry Hills",Sydney,NSW,Home Office,Phoebe Gour,Not Specified,UGen Ultra Professional Cordless Optical Suite,Technology,Small Box,Regular Air,2015-02-13,156.50,300.97,41,12339.77,10,1233.98,12339.67,7.18,12346.85
6529-1,16/12/14,Dorris Love,"359 Crown Street,Surry Hills",Sydney,NSW,Home Office,Phoebe Gour,High,Alto Perma 2700 Stacking Storage Drawers,Office Supplies,Small Box,Regular Air,2016-12-15,8.92,29.74,22,654.28,7,45.80,654.21,6.64,660.85
5793-1,15/2/8,Doug Bickford,"221 Barkly St,St Kilda",Melbourne,VIC,Small Business,Yvette Biti,Medium,Multimedia Mailers,Office Supplies,Small Box,Regular Air,2015-02-10,99.39,162.93,39,6354.27,3,190.63,6354.24,19.99,6374.23
5760-1,15/1/17,Doug Jacobs,"1/160 Anzac Parade,Kensington",Sydney,NSW,Home Office,Natasha Song,Medium,Multimedia Mailers,Office Supplies,Small Box,Express Air,2015-01-19,99.39,162.93,48,7820.64,4,312.83,7820.60,19.99,7840.59
6440-1,16/10/18,Doug Jacobs,"1/160 Anzac Parade,Kensington",Sydney,NSW,Home Office,Natasha Song,Medium,"3Max Polarizing Task Lamp with Clamp Arm, Light Gray",Furniture,Large Box,Regular Air,2016-10-21,56.16,136.98,21,2876.58,5,143.83,2876.53,24.49,2901.02
5355-1,13/12/30,Duane Huffman,"98 Holdsworth Street,Woollahra",Sydney,NSW,Small Business,Natasha Song,High,Apex Forged Steel Scissors with Black Enamel Handles,Office Supplies,Small Pack,Regular Air,2013-12-31,4.10,9.31,18,167.58,1,1.68,167.57,3.98,171.55
5705-1,14/12/4,Ed Braxton,"499-501 Lygon Street,Carlton North",Melbourne,VIC,Home Office,Yvette Biti,Medium,"Multi-Use Personal File Cart and Caster Set, Three Stacking Bins",Office Supplies,Small Box,Regular Air,2014-12-05,14.95,34.76,8,278.08,7,19.47,278.01,8.22,286.23
5840-1,15/3/25,Ed Braxton,"499-501 Lygon Street,Carlton North",Melbourne,VIC,Home Office,Yvette Biti,Not Specified,1726 Digital Answering Machine,Technology,Medium Box,Regular Air,2015-03-27,8.82,20.99,45,944.55,3,28.34,944.52,4.81,949.33
6190-1,16/2/8,Ed Braxton,"499-501 Lygon Street,Carlton North",Melbourne,VIC,Home Office,Yvette Biti,Medium,"DrawIt Colored Pencils, 48-Color Set",Office Supplies,Wrap Bag,Regular Air,2016-02-09,21.56,36.55,6,219.30,1,2.19,219.29,13.89,233.18
5284-1,13/10/24,Ed Jacobs,"22 Civic Rd,Auburn",Sydney,NSW,Small Business,Mihael Khan,High,"Angle-D Binders with Locking Rings, Label Holders",Office Supplies,Small Box,Regular Air,2013-10-27,4.53,7.30,31,226.30,3,6.79,226.27,7.72,233.99
5578-1,14/8/5,Ed Ludwig,"221 Barkly St,St Kilda",Melbourne,VIC,Consumer,Yvette Biti,High,12 Colored Short Pencils,Office Supplies,Wrap Bag,Regular Air,2014-08-07,1.09,2.60,43,111.80,6,6.71,111.74,2.40,114.14
6377-1,16/8/20,Ed Ludwig,"221 Barkly St,St Kilda",Melbourne,VIC,Consumer,Yvette Biti,Low,Smiths Bulldog Clip,Office Supplies,Wrap Bag,Regular Air,2016-08-25,2.31,3.78,28,105.84,6,6.35,105.78,0.71,106.49
5047-1,13/3/27,Edward Becker,"501 George St,Sydney",Sydney,NSW,Home Office,Samantha Chairs,Low,Artisan Printable Repositionable Plastic Tabs,Office Supplies,Small Box,Regular Air,2013-04-03,5.33,8.60,37,318.20,4,12.73,318.16,6.19,324.35
5181-1,13/7/22,Edward Becker,"501 George St,Sydney",Sydney,NSW,Corporate,Samantha Chairs,Low,TechSavi Internet Navigator Keyboard,Technology,Small Box,Regular Air,2013-07-26,6.51,30.98,29,898.42,3,26.95,898.39,6.50,904.89
5521-1,14/6/17,Edward Becker,"501 George St,Sydney",Sydney,NSW,Home Office,Samantha Chairs,Medium,Smiths General Use 3-Ring Binders,Office Supplies,Small Box,Regular Air,2014-06-18,1.18,1.88,19,35.72,7,2.50,35.65,1.49,37.14
6039-1,15/8/26,Edward Becker,"501 George St,Sydney",Sydney,NSW,Corporate,Samantha Chairs,Not Specified,Artisan 487 Labels,Office Supplies,Small Box,Regular Air,2015-08-27,2.29,3.69,39,143.91,3,4.32,143.88,0.50,144.38
5208-1,13/8/10,Edward Hooks,"224A Gertrude St,Fitzroy",Melbourne,VIC,Consumer,Connor Betts,High,Binder Posts,Office Supplies,Small Box,Regular Air,2013-08-12,3.50,5.74,50,287.00,10,28.70,286.90,5.01,291.91
6325-1,16/6/14,Edward Nazzal,"2a/285A Crown St,Surry Hills",Sydney,NSW,Home Office,Phoebe Gour,High,Adesso Programmable 142-Key Keyboard,Technology,Small Box,Regular Air,2016-06-16,32.02,152.48,37,5641.76,10,564.18,5641.66,4.00,5645.66
6325-2,16/6/14,Edward Nazzal,"2a/285A Crown St,Surry Hills",Sydney,NSW,Home Office,Phoebe Gour,High,Laser DVD-RAM discs,Technology,Small Pack,Regular Air,2016-06-16,20.18,35.41,30,1062.30,8,84.98,1062.22,1.99,1064.21
5433-1,14/3/2,Edward Nazzal,"2a/285A Crown St,Surry Hills",Sydney,NSW,Home Office,Phoebe Gour,Medium,Binding Machine Supplies,Office Supplies,Small Box,Regular Air,2014-03-03,18.38,29.17,1,29.17,2,0.58,29.15,6.27,35.42
6443-1,16/10/20,Edward Nazzal,"2a/285A Crown St,Surry Hills",Sydney,NSW,Home Office,Phoebe Gour,Not Specified,Artisan Poly Binder Pockets,Office Supplies,Small Box,Regular Air,2016-10-20,2.26,3.58,34,121.72,7,8.52,121.65,5.47,127.12
6036-1,15/8/24,Eleni McCrary,"79 Elliott St,Balmain",Sydney,NSW,Corporate,Aanya Zhang,Low,"Creator Anti Dust Chalk, 12/Pack",Office Supplies,Wrap Bag,Regular Air,2015-08-28,1.09,1.82,42,76.44,8,6.12,76.36,1.00,77.36
5734-1,15/1/2,Ellis Ballard,"53-55 Liverpool St,Sydney",Sydney,NSW,Corporate,Tina Carlton,Low,600 Series Non-Flip,Technology,Small Box,Regular Air,2015-01-04,19.78,45.99,50,2299.50,0,0.00,2299.50,4.99,2304.49
6125-1,15/11/22,Ellis Ballard,"53-55 Liverpool St,Sydney",Sydney,NSW,Corporate,Tina Carlton,Medium,Pizazz Drawing Pencil Set,Office Supplies,Wrap Bag,Regular Air,2015-11-23,1.53,2.78,21,58.38,6,3.50,58.32,1.34,59.66
5407-1,14/2/10,Elpida Rittenbach,"163 Concord Road,North Strathfield",Sydney,NSW,Consumer,Charlie Bui,Low,Ames Color-File Green Diamond Border X-ray Mailers,Office Supplies,Small Box,Express Air,2014-02-12,52.07,83.98,9,755.82,5,37.79,755.77,5.01,760.78
6256-1,16/4/6,Emily Grady,"359 Crown Street,Surry Hills",Sydney,NSW,Home Office,Phoebe Gour,Not Specified,Pizazz Drawing Pencil Set,Office Supplies,Wrap Bag,Regular Air,2016-04-08,1.53,2.78,10,27.80,1,0.28,27.79,1.34,29.13
6313-1,16/5/30,Emily Grady,"359 Crown Street,Surry Hills",Sydney,NSW,Home Office,Phoebe Gour,Medium,TechSavi Internet Navigator Keyboard,Technology,Small Box,Regular Air,2016-05-30,6.20,30.98,24,743.52,8,59.48,743.44,4.00,747.44
6374-1,16/8/18,Emily Grady,"359 Crown Street,Surry Hills",Sydney,NSW,Home Office,Phoebe Gour,High,"Angle-D Binders with Locking Rings, Label Holders",Office Supplies,Small Box,Express Air,2016-08-20,4.53,7.30,41,299.30,5,14.97,299.25,7.72,306.97
5186-1,13/7/26,Eric Barreto,"359 Crown Street,Surry Hills",Sydney,NSW,Consumer,Phoebe Gour,Low,Beekin 6 Outlet Metallic Surge Strip,Office Supplies,Small Box,Regular Air,2013-07-31,4.46,10.89,37,402.93,6,24.18,402.87,4.50,407.37
5259-1,13/10/3,Eric Barreto,"359 Crown Street,Surry Hills",Sydney,NSW,Consumer,Phoebe Gour,High,"DrawIt Colored Pencils, 48-Color Set",Office Supplies,Wrap Bag,Express Air,2013-10-04,21.56,36.55,46,1681.30,5,84.07,1681.25,13.89,1695.14
5334-1,13/12/10,Eric Barreto,"359 Crown Street,Surry Hills",Sydney,NSW,Small Business,Phoebe Gour,Not Specified,Artisan Hanging File Binders,Office Supplies,Small Box,Regular Air,2013-12-12,3.65,5.98,25,149.50,3,4.49,149.47,1.49,150.96
5493-1,14/5/15,Eric Barreto,"359 Crown Street,Surry Hills",Sydney,NSW,Consumer,Phoebe Gour,Medium,Artisan 481 Labels,Office Supplies,Small Box,Regular Air,2014-05-16,1.94,3.08,9,27.72,1,0.28,27.71,0.99,28.70
5554-1,14/7/17,Eric Barreto,"359 Crown Street,Surry Hills",Sydney,NSW,Small Business,Phoebe Gour,High,Alto 3-Hole Punch,Office Supplies,Small Box,Regular Air,2014-07-18,2.76,4.38,18,78.84,3,2.37,78.81,6.21,85.02
6301-1,16/5/21,Eric Barreto,"359 Crown Street,Surry Hills",Sydney,NSW,Small Business,Phoebe Gour,Critical,Ames Color-File Green Diamond Border X-ray Mailers,Office Supplies,Small Box,Regular Air,2016-05-21,52.07,83.98,46,3863.08,6,231.78,3863.02,5.01,3868.03
5941-1,15/6/21,Erica Bern,"10 O'Connell St,Sydney",Sydney,NSW,Corporate,Aanya Zhang,Medium,Colored Envelopes,Office Supplies,Small Box,Regular Air,2015-06-23,2.25,3.69,42,154.98,6,9.30,154.92,2.50,157.42
5423-1,14/2/23,Erica Hackney,"221 Barkly St,St Kilda",Melbourne,VIC,Small Business,Yvette Biti,Medium,TechSavi Cordless Navigator Duo,Technology,Small Box,Regular Air,2014-02-26,42.11,80.98,45,3644.10,0,0.00,3644.10,7.18,3651.28
6515-1,16/12/8,Erica Hernandez,"12 Princess Hwy,Sylvania",Sydney,NSW,Small Business,Nicholas Fernandes,Low,"Alto Parchment Paper, Assorted Colors",Office Supplies,Small Box,Regular Air,2016-12-15,4.59,7.28,18,131.04,9,11.79,130.95,11.15,142.10
6515-2,16/12/8,Erica Hernandez,"12 Princess Hwy,Sylvania",Sydney,NSW,Small Business,Nicholas Fernandes,Low,OIC Thumb-Tacks,Office Supplies,Wrap Bag,Regular Air,2016-12-12,0.71,1.14,28,31.92,9,2.87,31.83,0.70,32.53
5124-1,13/6/6,Erica Hernandez,"12 Princess Hwy,Sylvania",Sydney,NSW,Small Business,Nicholas Fernandes,Medium,Apex Elite Stainless Steel Scissors,Office Supplies,Small Pack,Regular Air,2013-06-08,3.42,8.34,30,250.20,2,5.00,250.18,2.64,252.82
5048-1,13/3/27,Erica Smith,"188 Pitt Street,Sydney",Sydney,NSW,Small Business,Tina Carlton,Medium,Smiths Standard Envelopes,Office Supplies,Small Box,Regular Air,2013-03-27,3.52,5.68,24,136.32,6,8.18,136.26,1.39,137.65
6220-1,16/3/6,Erica Smith,"188 Pitt Street,Sydney",Sydney,NSW,Small Business,Tina Carlton,Low,600 Series Flip,Technology,Small Box,Regular Air,2016-03-11,41.28,95.99,40,3839.60,5,191.98,3839.55,8.99,3848.54
5310-1,13/11/17,Erin Ashbrook,"61 York St,Sydney",Sydney,NSW,Consumer,Leighton Forrest,Critical,Adesso Programmable 142-Key Keyboard,Technology,Small Box,Express Air,2013-11-19,39.64,152.48,2,304.96,2,6.10,304.94,6.50,311.44
6503-1,16/11/26,Erin Ashbrook,"61 York St,Sydney",Sydney,NSW,Consumer,Leighton Forrest,Low,Assorted Color Push Pins,Office Supplies,Wrap Bag,Regular Air,2016-11-30,0.87,1.81,18,32.58,6,1.95,32.52,0.75,33.27
5831-1,15/3/18,Erin Creighton,"523 King St,Newtown",Sydney,NSW,Corporate,Aanya Zhang,Critical,Apex Design Stainless Steel Bent Scissors,Office Supplies,Small Pack,Regular Air,2015-03-21,2.87,6.84,35,239.40,2,4.79,239.38,4.42,243.80
5841-1,15/3/25,Erin Creighton,"523 King St,Newtown",Sydney,NSW,Corporate,Aanya Zhang,Not Specified,Pizazz Drawing Pencil Set,Office Supplies,Wrap Bag,Express Air,2015-03-27,1.53,2.78,34,94.52,0,0.00,94.52,1.34,95.86
6135-1,15/12/6,Erin Creighton,"523 King St,Newtown",Sydney,NSW,Corporate,Aanya Zhang,Low,Pizazz Drawing Pencil Set,Office Supplies,Wrap Bag,Regular Air,2015-12-08,1.17,2.78,39,108.42,5,5.42,108.37,1.20,109.57
5086-1,13/5/14,Eudokia Martin,"412 Brunswick St,Fitzroy",Melbourne,VIC,Home Office,Connor Betts,High,"Artisan Flip-Chart Easel Binder, Black",Office Supplies,Small Box,Regular Air,2013-05-15,13.88,22.38,26,581.88,10,58.19,581.78,15.10,596.88
5312-1,13/11/17,Eugene Barchas,"Crown Complex,Southbank",Melbourne,VIC,Corporate,Connor Betts,High,Artisan Binder Labels,Office Supplies,Small Box,Regular Air,2013-11-17,2.45,3.89,47,182.83,0,0.00,182.83,7.01,189.84
5148-1,13/6/29,Eugene Hildebrand,"120 Hardware St,Melbourne",Melbourne,VIC,Home Office,Yvette Biti,Medium,Economy Binders,Office Supplies,Small Box,Regular Air,2013-07-01,1.33,2.08,44,91.52,4,3.66,91.48,1.49,92.97
5296-1,13/11/2,Eugene Hildebrand,"120 Hardware St,Melbourne",Melbourne,VIC,Home Office,Yvette Biti,Medium,"Angle-D Binders with Locking Rings, Label Holders",Office Supplies,Small Box,Regular Air,2013-11-03,4.53,7.30,45,328.50,4,13.14,328.46,7.72,336.18
5609-1,14/9/7,Eugene Moren,"85-113 Dunning Ave,Rosebery",Sydney,NSW,Home Office,Mihael Khan,Not Specified,Smiths General Use 3-Ring Binders,Office Supplies,Small Box,Regular Air,2014-09-07,1.18,1.88,47,88.36,6,5.30,88.30,1.49,89.79
5609-2,14/9/7,Eugene Moren,"85-113 Dunning Ave,Rosebery",Sydney,NSW,Home Office,Mihael Khan,Not Specified,Steady Liquid Accent Tank-Style Highlighters,Office Supplies,Wrap Bag,Regular Air,2014-09-09,1.31,2.84,39,110.76,8,8.86,110.68,0.93,111.61
5111-1,13/5/29,Eugene Moren,"85-113 Dunning Ave,Rosebery",Sydney,NSW,Home Office,Mihael Khan,High,Colored Envelopes,Office Supplies,Small Box,Express Air,2013-05-29,2.25,3.69,35,129.15,3,3.87,129.12,2.50,131.62
5672-1,14/10/28,Eugene Moren,"85-113 Dunning Ave,Rosebery",Sydney,NSW,Home Office,Mihael Khan,Medium,TechSavi Cordless Keyboard,Technology,Small Box,Regular Air,2014-10-29,17.84,34.99,29,1014.71,9,91.32,1014.62,5.50,1020.12
6094-1,15/10/20,Eva Jacobs,"Westfield 1 Anderson St,Chatswood",Sydney,NSW,Home Office,Nicholas Fernandes,Low,Artisan Reinforcements for Hole-Punch Pages,Office Supplies,Small Box,Regular Air,2015-10-24,1.19,1.98,4,7.92,8,0.63,7.84,4.77,12.61
6196-1,16/2/11,Eva Jacobs,"Westfield 1 Anderson St,Chatswood",Sydney,NSW,Home Office,Nicholas Fernandes,Low,Multimedia Mailers,Office Supplies,Small Box,Regular Air,2016-02-20,99.39,162.93,22,3584.46,7,250.91,3584.39,19.99,3604.38
6304-1,16/5/22,Eva Jacobs,"Westfield 1 Anderson St,Chatswood",Sydney,NSW,Home Office,Nicholas Fernandes,Not Specified,Smiths General Use 3-Ring Binders,Office Supplies,Small Box,Regular Air,2016-05-23,1.18,1.88,22,41.36,9,3.72,41.27,1.49,42.76
5984-1,15/7/23,Frank Atkinson,"188 Pitt Street,Sydney",Sydney,NSW,Corporate,Tina Carlton,Not Specified,Alto Memo Cubes,Office Supplies,Wrap Bag,Express Air,2015-07-24,3.32,5.18,1,5.18,0,0.00,5.18,2.04,7.22
6512-1,16/12/5,Frank Atkinson,"188 Pitt Street,Sydney",Sydney,NSW,Corporate,Tina Carlton,High,Barrel Sharpener,Office Supplies,Small Pack,Express Air,2016-12-07,1.46,3.57,10,35.70,1,0.36,35.69,4.17,39.86
5870-1,15/4/25,Frank Carlisle,"8 Rankins Lane ,Melbourne",Melbourne,VIC,Small Business,Connor Betts,Critical,Cando PC940 Copier,Technology,Large Box,Regular Air,2015-04-27,216.00,449.99,2,899.98,8,72.00,899.90,24.49,924.39
5534-1,14/6/23,Frank Hawley,"Shop 1 797 Botany Rd,Rosebery",Sydney,NSW,Home Office,Phoebe Gour,Medium,Artisan 474 Labels,Office Supplies,Small Box,Regular Air,2014-06-23,1.84,2.88,8,23.04,7,1.61,22.97,0.99,23.96
5898-1,15/5/17,Frank Hawley,"Shop 1 797 Botany Rd,Rosebery",Sydney,NSW,Home Office,Phoebe Gour,Not Specified,Xit Blank Computer Paper,Office Supplies,Small Box,Regular Air,2015-05-20,12.39,19.98,33,659.34,9,59.34,659.25,5.77,665.02
5267-1,13/10/9,Frank Merwin,"24 Addison Rd,Marrickville",Sydney,NSW,Corporate,Radhya Staples,Medium,Pizazz Drawing Pencil Set,Office Supplies,Wrap Bag,Regular Air,2013-10-11,1.53,2.78,6,16.68,1,0.17,16.67,1.34,18.01
5508-1,14/6/4,Frank Merwin,"24 Addison Rd,Marrickville",Sydney,NSW,Consumer,Radhya Staples,High,Deluxe Rollaway Locking File with Drawer,Office Supplies,Small Box,Regular Air,2014-06-05,178.83,415.88,43,17882.84,7,1251.80,17882.77,11.37,17894.14
6296-1,16/5/18,Frank Price,"224A Gertrude St,Fitzroy",Melbourne,VIC,Corporate,Connor Betts,Not Specified,"Multi-Use Personal File Cart and Caster Set, Three Stacking Bins",Office Supplies,Small Box,Regular Air,2016-05-20,14.95,34.76,8,278.08,0,0.00,278.08,8.22,286.30
5518-1,14/6/13,Fred Chung,"81 MacLeay St,Potts Point",Sydney,NSW,Corporate,Samantha Chairs,Low,Smiths Colored Interoffice Envelopes,Office Supplies,Small Box,Express Air,2014-06-22,19.83,30.98,46,1425.08,4,57.00,1425.04,19.51,1444.55
5988-1,15/7/24,Fred Chung,"81 MacLeay St,Potts Point",Sydney,NSW,Corporate,Samantha Chairs,High,Pizazz Colored Pencils,Office Supplies,Wrap Bag,Regular Air,2015-07-26,1.76,2.94,35,102.90,9,9.26,102.81,0.81,103.62
6032-1,15/8/23,Fred McMath,"10 Bligh St,Melbourne",Melbourne,VIC,Small Business,Yvette Biti,Low,"Alto Six-Outlet Power Strip, 4 Cord Length",Office Supplies,Small Box,Express Air,2015-08-30,3.53,8.62,8,68.96,0,0.00,68.96,4.50,73.46
5246-1,13/9/18,Fred Wasserman,"61 York St,Sydney",Sydney,NSW,Home Office,Leighton Forrest,Low,"Artisan Flip-Chart Easel Binder, Black",Office Supplies,Small Box,Express Air,2013-09-25,13.88,22.38,16,358.08,0,0.00,358.08,15.10,373.18
5377-1,14/1/14,Fred Wasserman,"61 York St,Sydney",Sydney,NSW,Home Office,Leighton Forrest,Not Specified,Fluorescent Highlighters by DrawIt,Office Supplies,Wrap Bag,Regular Air,2014-01-17,1.95,3.98,41,163.18,7,11.42,163.11,0.83,163.94
5616-1,14/9/12,Gary Hansen,"273 George Street,Sydney",Sydney,NSW,Consumer,Leighton Forrest,Low,"Multi-Use Personal File Cart and Caster Set, Three Stacking Bins",Office Supplies,Small Box,Regular Air,2014-09-19,14.95,34.76,34,1181.84,3,35.46,1181.81,8.22,1190.03
6201-1,16/2/13,Gary Hansen,"273 George Street,Sydney",Sydney,NSW,Consumer,Leighton Forrest,High,Aluminum Document Frame,Furniture,Small Pack,Regular Air,2016-02-14,5.50,12.22,10,122.20,10,12.22,122.10,2.85,124.95
5328-1,13/12/8,Gary Hwang,"60 York St,Sydney",Sydney,NSW,Home Office,Charlie Bui,Low,Smiths Metal Binder Clips,Office Supplies,Wrap Bag,Regular Air,2013-12-15,1.60,2.62,47,123.14,10,12.31,123.04,0.80,123.84
5430-1,14/2/25,Gary Hwang,"60 York St,Sydney",Sydney,NSW,Home Office,Charlie Bui,Critical,Steady Liquid Accent Highlighters,Office Supplies,Wrap Bag,Regular Air,2014-02-27,3.47,6.68,33,220.44,3,6.61,220.41,1.50,221.91
6527-1,16/12/10,Gary Hwang,"60 York St,Sydney",Sydney,NSW,Home Office,Charlie Bui,Not Specified,Office Shears by Apex,Office Supplies,Small Pack,Regular Air,2016-12-12,0.94,2.08,36,74.88,10,7.49,74.78,2.56,77.34
6155-1,15/12/28,Gary McGarr,"10 Bligh St,Melbourne",Melbourne,VIC,Home Office,Yvette Biti,High,1726 Digital Answering Machine,Technology,Medium Box,Regular Air,2015-12-29,8.82,20.99,30,629.70,3,18.89,629.67,4.81,634.48
6102-1,15/10/31,Gary Zandusky,"Shop 1, 186-190 Church Street,Parramatta;46a Macleay Street,Potts Point",Sydney,NSW,Home Office,Mihael Khan,High,Deluxe Rollaway Locking File with Drawer,Office Supplies,Small Box,Regular Air,2015-10-31,178.83,415.88,21,8733.48,9,786.01,8733.39,11.37,8744.76
5560-1,14/7/22,Gene Hale,"1/173-179 Bronte Rd,Waverley",Sydney,NSW,Consumer,Leighton Forrest,Low,Economy Binders,Office Supplies,Small Box,Regular Air,2014-07-24,1.33,2.08,20,41.60,4,1.66,41.56,1.49,43.05
5621-1,14/9/21,George Ashbrook,"506 Swan Street,Richmond",Melbourne,VIC,Consumer,Connor Betts,Medium,600 Series Non-Flip,Technology,Small Box,Regular Air,2014-09-23,19.78,45.99,23,1057.77,10,105.78,1057.67,4.99,1062.66
5621-2,14/9/21,George Ashbrook,"506 Swan Street,Richmond",Melbourne,VIC,Consumer,Connor Betts,Medium,Binder Clips by OIC,Office Supplies,Wrap Bag,Regular Air,2014-09-22,0.93,1.48,33,48.84,6,2.93,48.78,0.70,49.48
5661-1,14/10/20,George Ashbrook,"506 Swan Street,Richmond",Melbourne,VIC,Small Business,Connor Betts,Not Specified,TechSavi Access Keyboard,Technology,Small Box,Regular Air,2014-10-22,8.31,15.98,38,607.24,10,60.72,607.14,6.50,613.64
6295-1,16/5/14,George Ashbrook,"506 Swan Street,Richmond",Melbourne,VIC,Small Business,Connor Betts,Not Specified,Economy Binders,Office Supplies,Small Box,Regular Air,2016-05-16,1.33,2.08,43,89.44,5,4.47,89.39,1.49,90.88
5921-1,15/5/31,George Bell,"499-501 Lygon Street,Carlton North",Melbourne,VIC,Corporate,Yvette Biti,Not Specified,1726 Digital Answering Machine,Technology,Medium Box,Express Air,2015-06-02,8.82,20.99,18,377.82,0,0.00,377.82,4.81,382.63
5171-1,13/7/16,George Zrebassa,"81 MacLeay St,Potts Point",Sydney,NSW,Home Office,Samantha Chairs,Critical,Bagged Rubber Bands,Office Supplies,Wrap Bag,Regular Air,2013-07-17,0.24,1.26,10,12.60,10,1.26,12.50,0.70,13.20
6469-1,16/10/31,George Zrebassa,"81 MacLeay St,Potts Point",Sydney,NSW,Home Office,Samantha Chairs,Not Specified,Binder Posts,Office Supplies,Small Box,Regular Air,2016-11-03,3.50,5.74,48,275.52,5,13.78,275.47,5.01,280.48
5630-1,14/9/28,Giulietta Baptist,"Hoyts Entertainment Quarter 122 Lang Road,Moore Park",Sydney,NSW,Home Office,Tina Carlton,High,Steady Liquid Accent Highlighters,Office Supplies,Wrap Bag,Regular Air,2014-09-29,3.47,6.68,16,106.88,10,10.69,106.78,1.50,108.28
6050-1,15/9/2,Giulietta Baptist,"Hoyts Entertainment Quarter 122 Lang Road,Moore Park",Sydney,NSW,Home Office,Tina Carlton,Medium,TechSavi Cordless Elite Duo,Technology,Small Box,Regular Air,2015-09-05,60.59,100.98,9,908.82,10,90.88,908.72,7.18,915.90
6401-1,16/9/17,Giulietta Baptist,"Hoyts Entertainment Quarter 122 Lang Road,Moore Park",Sydney,NSW,Home Office,Tina Carlton,Low,Beekin 105-Key Black Keyboard,Technology,Small Box,Regular Air,2016-09-19,6.39,19.98,44,879.12,3,26.37,879.09,4.00,883.09
5138-1,13/6/21,Giulietta Dortch,"180 High Street,Windsor",Melbourne,VIC,Small Business,Connor Betts,High,Smiths Metal Binder Clips,Office Supplies,Wrap Bag,Express Air,2013-06-23,1.60,2.62,34,89.08,8,7.13,89.00,0.80,89.80
5177-1,13/7/20,Giulietta Dortch,"180 High Street,Windsor",Melbourne,VIC,Small Business,Connor Betts,Critical,Artisan Printable Repositionable Plastic Tabs,Office Supplies,Small Box,Express Air,2013-07-22,5.33,8.60,23,197.80,2,3.96,197.78,6.19,203.97
5698-1,14/11/23,Giulietta Dortch,"180 High Street,Windsor",Melbourne,VIC,Consumer,Connor Betts,Low,Cando PC940 Copier,Technology,Jumbo Drum,Delivery Truck,2014-11-27,278.99,449.99,34,15299.66,2,305.99,15299.64,49.00,15348.64
5029-1,13/2/23,Giulietta Weimer,"48 Albion St,Surry Hills",Sydney,NSW,Corporate,Natasha Song,Not Specified,Artisan Printable Repositionable Plastic Tabs,Office Supplies,Small Box,Regular Air,2013-02-23,5.33,8.60,48,412.80,0,0.00,412.80,6.19,418.99
5687-1,14/11/17,Giulietta Weimer,"48 Albion St,Surry Hills",Sydney,NSW,Corporate,Natasha Song,High,Binder Clips by OIC,Office Supplies,Wrap Bag,Regular Air,2014-11-19,0.93,1.48,28,41.44,4,1.66,41.40,0.70,42.10
6536-1,16/12/22,Giulietta Weimer,"48 Albion St,Surry Hills",Sydney,NSW,Home Office,Natasha Song,Critical,Smiths General Use 3-Ring Binders,Office Supplies,Small Box,Regular Air,2016-12-23,1.18,1.88,19,35.72,6,2.14,35.66,1.49,37.15
5077-1,13/5/7,Grant Carroll,"10 O'Connell St,Sydney",Sydney,NSW,Small Business,Aanya Zhang,Not Specified,Smiths SlimLine Pencil Sharpener,Office Supplies,Small Pack,Regular Air,2013-05-09,4.79,11.97,18,215.46,8,17.24,215.38,5.81,221.19
6023-1,15/8/12,Grant Carroll,"10 O'Connell St,Sydney",Sydney,NSW,Corporate,Aanya Zhang,Not Specified,TechSavi Internet Navigator Keyboard,Technology,Small Box,Regular Air,2015-08-15,6.51,30.98,8,247.84,6,14.87,247.78,6.50,254.28
6507-1,16/11/29,Grant Carroll,"10 O'Connell St,Sydney",Sydney,NSW,Small Business,Aanya Zhang,Not Specified,Col-Erase Pencils with Erasers,Office Supplies,Wrap Bag,Regular Air,2016-11-30,2.68,6.08,49,297.92,8,23.83,297.84,1.17,299.01
5238-1,13/9/10,Grant Thornton,"98 Holdsworth Street,Woollahra",Sydney,NSW,Corporate,Natasha Song,Not Specified,Artisan Hi-Liter Fluorescent Desk Style Markers,Office Supplies,Wrap Bag,Regular Air,2013-09-12,1.76,3.38,27,91.26,8,7.30,91.18,0.85,92.03
5421-1,14/2/22,Grant Thornton,"98 Holdsworth Street,Woollahra",Sydney,NSW,Corporate,Natasha Song,High,"TypeRight  Top-Opening Peel & Seel  Envelopes, Gray",Office Supplies,Small Box,Regular Air,2014-02-23,21.56,35.94,13,467.22,3,14.02,467.19,6.66,473.85
6054-1,15/9/3,Grant Thornton,"98 Holdsworth Street,Woollahra",Sydney,NSW,Corporate,Natasha Song,Low,Beekin 6 Outlet Metallic Surge Strip,Office Supplies,Small Box,Regular Air,2015-09-07,4.46,10.89,3,32.67,8,2.61,32.59,4.50,37.09
5721-1,14/12/26,Greg Guthrie,"523 King St,Newtown",Sydney,NSW,Small Business,Aanya Zhang,High,Smiths Standard Envelopes,Office Supplies,Small Box,Regular Air,2014-12-29,3.52,5.68,42,238.56,5,11.93,238.51,1.39,239.90
6280-1,16/5/2,Greg Hansen,"221 Barkly St,St Kilda",Melbourne,VIC,Home Office,Yvette Biti,High,Aluminum Document Frame,Furniture,Small Pack,Regular Air,2016-05-04,5.50,12.22,46,562.12,6,33.73,562.06,2.85,564.91
6280-2,16/5/2,Greg Hansen,"221 Barkly St,St Kilda",Melbourne,VIC,Home Office,Yvette Biti,High,Artisan Poly Binder Pockets,Office Supplies,Small Box,Regular Air,2016-05-03,2.26,3.58,8,28.64,9,2.58,28.55,5.47,34.02
5684-1,14/11/11,Greg Hansen,"221 Barkly St,St Kilda",Melbourne,VIC,Home Office,Yvette Biti,Critical,Smiths Pushpins,Office Supplies,Wrap Bag,Regular Air,2014-11-12,0.94,1.88,36,67.68,10,6.77,67.58,0.79,68.37
5872-1,15/4/26,Greg Tran,"Crown Complex,Southbank",Melbourne,VIC,Home Office,Yvette Biti,Critical,"Artisan Flip-Chart Easel Binder, Black",Office Supplies,Small Box,Regular Air,2015-04-28,13.88,22.38,6,134.28,0,0.00,134.28,15.10,149.38
5993-1,15/7/25,Greg Tran,"Crown Complex,Southbank",Melbourne,VIC,Home Office,Yvette Biti,Critical,Self-Adhesive Removable Labels,Office Supplies,Small Box,Regular Air,2015-07-28,1.98,3.15,17,53.55,5,2.68,53.50,0.49,53.99
5885-1,15/5/4,Guy Armstrong,"6 Mary St,Newtown",Sydney,NSW,Corporate,Samantha Chairs,High,"24 Capacity Maxi Data Binder Racks, Pearl",Office Supplies,Small Box,Regular Air,2015-05-05,84.22,210.55,18,3789.90,5,189.50,3789.85,9.99,3799.84
6521-1,16/12/9,Guy Armstrong,"6 Mary St,Newtown",Sydney,NSW,Corporate,Samantha Chairs,High,12 Colored Short Pencils,Office Supplies,Wrap Bag,Regular Air,2016-12-10,1.09,2.60,8,20.80,2,0.42,20.78,2.40,23.18
6543-1,16/12/28,Guy Armstrong,"6 Mary St,Newtown",Sydney,NSW,Corporate,Samantha Chairs,Medium,TechSavi Access Keyboard,Technology,Small Box,Regular Air,2016-12-29,10.07,15.98,14,223.72,5,11.19,223.67,4.00,227.67
6336-1,16/6/20,Harold Dahlen,"53-55 Liverpool St,Sydney",Sydney,NSW,Consumer,Tina Carlton,Medium,Pizazz Drawing Pencil Set,Office Supplies,Wrap Bag,Express Air,2016-06-20,1.53,2.78,47,130.66,10,13.07,130.56,1.34,131.90
6336-2,16/6/20,Harold Dahlen,"53-55 Liverpool St,Sydney",Sydney,NSW,Consumer,Tina Carlton,Medium,Smiths Metal Binder Clips,Office Supplies,Wrap Bag,Regular Air,2016-06-23,1.60,2.62,30,78.60,5,3.93,78.55,0.80,79.35
5465-1,14/4/7,Harold Dahlen,"53-55 Liverpool St,Sydney",Sydney,NSW,Corporate,Tina Carlton,Medium,HFX LaserJet 3310 Copier,Technology,Large Box,Regular Air,2014-04-09,377.99,599.99,30,17999.70,9,1619.97,17999.61,24.49,18024.10
5648-1,14/10/10,Harold Dahlen,"53-55 Liverpool St,Sydney",Sydney,NSW,Corporate,Tina Carlton,Low,Artisan Reinforcements for Hole-Punch Pages,Office Supplies,Small Box,Regular Air,2014-10-17,1.19,1.98,38,75.24,5,3.76,75.19,4.77,79.96
5826-1,15/3/16,Harold Pawlan,"180 High Street,Windsor",Melbourne,VIC,Small Business,Connor Betts,High,"Multi-Use Personal File Cart and Caster Set, Three Stacking Bins",Office Supplies,Small Box,Regular Air,2015-03-16,14.95,34.76,43,1494.68,0,0.00,1494.68,8.22,1502.90
6571-1,17/1/26,Harold Pawlan,"180 High Street,Windsor",Melbourne,VIC,Small Business,Connor Betts,High,UGen Ultra Professional Cordless Optical Suite,Technology,Small Box,Regular Air,2017-01-27,156.50,300.97,29,8728.13,3,261.84,8728.10,7.18,8735.28
5202-1,13/8/8,Harold Ryan,"4A Lyons St,Strathfield",Sydney,NSW,Home Office,Tina Carlton,Not Specified,TechSavi Internet Navigator Keyboard,Technology,Small Box,Express Air,2013-08-09,6.51,30.98,44,1363.12,2,27.26,1363.10,6.50,1369.60
5692-1,14/11/21,Harold Ryan,"4A Lyons St,Strathfield",Sydney,NSW,Home Office,Tina Carlton,Medium,Adesso Programmable 142-Key Keyboard,Technology,Small Box,Regular Air,2014-11-23,32.02,152.48,29,4421.92,9,397.97,4421.83,4.00,4425.83
5717-1,14/12/16,Harry Greene,"470 Anzac Parade,Kingsford",Sydney,NSW,Corporate,Tina Carlton,Medium,Self-Adhesive Ring Binder Labels,Office Supplies,Small Box,Regular Air,2014-12-18,2.18,3.52,23,80.96,7,5.67,80.89,6.83,87.72
6270-1,16/4/23,Heather Kirkland,"541 Church St,Richmond",Melbourne,VIC,Home Office,Yvette Biti,Not Specified,"DrawIt Colored Pencils, 48-Color Set",Office Supplies,Wrap Bag,Regular Air,2016-04-25,21.56,36.55,17,621.35,9,55.92,621.26,13.89,635.15
5386-1,14/1/24,Helen Andreada,"470 Anzac Parade,Kingsford",Sydney,NSW,Corporate,Tina Carlton,High,Emerson C82 Color Inkjet Printer,Technology,Jumbo Drum,Delivery Truck,2014-01-26,76.79,119.99,13,1559.87,4,62.39,1559.83,14.00,1573.83
5343-1,13/12/16,Henry Goldwyn,"541 Church St,Richmond",Melbourne,VIC,Small Business,Yvette Biti,Critical,Artisan 487 Labels,Office Supplies,Small Box,Regular Air,2013-12-19,2.29,3.69,45,166.05,8,13.28,165.97,0.50,166.47
6127-1,15/11/24,Henry Goldwyn,"541 Church St,Richmond",Melbourne,VIC,Small Business,Yvette Biti,Low,Adesso Programmable 142-Key Keyboard,Technology,Small Box,Regular Air,2015-11-24,39.64,152.48,17,2592.16,4,103.69,2592.12,6.50,2598.62
6382-1,16/8/24,Henry Goldwyn,"541 Church St,Richmond",Melbourne,VIC,Small Business,Yvette Biti,Not Specified,Artisan 479 Labels,Office Supplies,Small Box,Regular Air,2016-08-27,1.59,2.61,34,88.74,0,0.00,88.74,0.50,89.24
5394-1,14/1/30,Hilary Holden,"2a/285A Crown St,Surry Hills",Sydney,NSW,Corporate,Phoebe Gour,Critical,Artisan Legal 4-Ring Binder,Office Supplies,Small Box,Regular Air,2014-02-01,13.64,20.98,31,650.38,9,58.53,650.29,1.49,651.78
6250-1,16/4/2,Hunter Glantz,"152 Bunnerong Road,Eastgardens",Sydney,NSW,Corporate,Tina Carlton,Low,"Artisan Flip-Chart Easel Binder, Black",Office Supplies,Small Box,Regular Air,2016-04-10,13.88,22.38,16,358.08,9,32.23,357.99,15.10,373.09
5784-1,15/2/3,Ionia McGrath,"Westfield Parramatta,Parramatta",Sydney,NSW,Small Business,Stevie Bacata,High,1726 Digital Answering Machine,Technology,Medium Box,Regular Air,2015-02-06,8.82,20.99,23,482.77,10,48.28,482.67,4.81,487.48
5615-1,14/9/12,Jack Garza,"2a/285A Crown St,Surry Hills",Sydney,NSW,Corporate,Phoebe Gour,Critical,"Creator Anti Dust Chalk, 12/Pack",Office Supplies,Wrap Bag,Regular Air,2014-09-13,1.09,1.82,36,65.52,9,5.90,65.43,1.00,66.43
6000-1,15/7/29,Jack Lebron,"180 High Street,Windsor",Melbourne,VIC,Corporate,Connor Betts,High,Pizazz Drawing Pencil Set,Office Supplies,Wrap Bag,Regular Air,2015-07-31,1.53,2.78,38,105.64,10,10.56,105.54,1.34,106.88
5061-1,13/4/30,Jack OBriant,"85-113 Dunning Ave,Rosebery",Sydney,NSW,Small Business,Mihael Khan,Not Specified,Smiths Premium Bright 1-Part Blank Computer Paper,Office Supplies,Small Box,Regular Air,2013-05-02,7.61,12.28,27,331.56,3,9.95,331.53,6.35,337.88
5916-1,15/5/27,Jack OBriant,"85-113 Dunning Ave,Rosebery",Sydney,NSW,Small Business,Mihael Khan,Not Specified,Beekin 105-Key Black Keyboard,Technology,Small Box,Regular Air,2015-05-29,6.39,19.98,7,139.86,9,12.59,139.77,4.00,143.77
5930-1,15/6/8,Jack OBriant,"85-113 Dunning Ave,Rosebery",Sydney,NSW,Home Office,Mihael Khan,Not Specified,HFX LaserJet 3310 Copier,Technology,Large Box,Regular Air,2015-06-09,377.99,599.99,41,24599.59,9,2213.96,24599.50,24.49,24623.99
5994-1,15/7/26,Jack OBriant,"85-113 Dunning Ave,Rosebery",Sydney,NSW,Consumer,Mihael Khan,Medium,"Alto Parchment Paper, Assorted Colors",Office Supplies,Small Box,Express Air,2015-07-27,4.59,7.28,20,145.60,10,14.56,145.50,11.15,156.65
6500-1,16/11/26,Jack OBriant,"85-113 Dunning Ave,Rosebery",Sydney,NSW,Small Business,Mihael Khan,Medium,3Max Organizer Strips,Office Supplies,Small Box,Regular Air,2016-11-28,3.40,5.40,1,5.40,0,0.00,5.40,7.78,13.18
5548-1,14/7/5,James Galang,"Westfield 1 Anderson St,Chatswood",Sydney,NSW,Consumer,Nicholas Fernandes,Critical,Artisan File Folder Labels,Office Supplies,Small Box,Regular Air,2014-07-08,1.84,2.88,47,135.36,3,4.06,135.33,5.33,140.66
5635-1,14/10/1,Jamie Kunitz,"Sydney Fish Market, Bank Street, Sydney",Sydney,NSW,Corporate,Phoebe Gour,Not Specified,PastelOcean Color Pencil Set,Office Supplies,Wrap Bag,Express Air,2014-10-02,11.11,19.84,15,297.60,0,0.00,297.60,4.10,301.70
5689-1,14/11/18,Jamie Kunitz,"Sydney Fish Market, Bank Street, Sydney",Sydney,NSW,Corporate,Phoebe Gour,Critical,Steady Liquid Accent Tank-Style Highlighters,Office Supplies,Wrap Bag,Regular Air,2014-11-20,1.31,2.84,12,34.08,10,3.41,33.98,0.93,34.91
6085-1,15/10/9,Janet Lee,"Hoyts Entertainment Quarter 122 Lang Road,Moore Park",Sydney,NSW,Consumer,Tina Carlton,High,Emerson Stylus 1520 Color Inkjet Printer,Technology,Jumbo Drum,Delivery Truck,2015-10-11,315.61,500.97,25,12524.25,2,250.49,12524.23,69.30,12593.53
5125-1,13/6/7,Janet Martin,"24 Addison Rd,Marrickville",Sydney,NSW,Corporate,Radhya Staples,Not Specified,TechSavi Cordless Elite Duo,Technology,Small Box,Regular Air,2013-06-08,60.59,100.98,29,2928.42,3,87.85,2928.39,7.18,2935.57
5706-1,14/12/5,Janet Martin,"24 Addison Rd,Marrickville",Sydney,NSW,Corporate,Radhya Staples,Medium,Colored Envelopes,Office Supplies,Small Box,Express Air,2014-12-06,2.25,3.69,41,151.29,8,12.10,151.21,2.50,153.71
5304-1,13/11/12,Jas OCarroll,"3 Carrington Road ,Box Hill",Melbourne,VIC,Corporate,Yvette Biti,Medium,Artisan Durable Poly Binders,Office Supplies,Small Box,Regular Air,2013-11-14,3.37,5.53,17,94.01,2,1.88,93.99,6.98,100.97
6384-1,16/8/24,Jasper Cacioppo,"24 Addison Rd,Marrickville",Sydney,NSW,Home Office,Radhya Staples,Low,HFX LaserJet 3310 Copier,Technology,Large Box,Regular Air,2016-09-02,377.99,599.99,16,9599.84,0,0.00,9599.84,24.49,9624.33
6384-2,16/8/24,Jasper Cacioppo,"24 Addison Rd,Marrickville",Sydney,NSW,Home Office,Radhya Staples,Low,PastelOcean Color Pencil Set,Office Supplies,Wrap Bag,Regular Air,2016-09-02,11.11,19.84,39,773.76,1,7.74,773.75,4.10,777.85
5022-1,13/2/15,Jasper Cacioppo,"24 Addison Rd,Marrickville",Sydney,NSW,Home Office,Radhya Staples,Medium,Artisan Reinforcements for Hole-Punch Pages,Office Supplies,Small Box,Regular Air,2013-02-16,1.19,1.98,3,5.94,5,0.30,5.89,4.77,10.66
5242-1,13/9/14,Jasper Cacioppo,"24 Addison Rd,Marrickville",Sydney,NSW,Home Office,Radhya Staples,Low,Apex Preferred Stainless Steel Scissors,Office Supplies,Small Pack,Express Air,2013-09-18,2.50,5.68,46,261.28,10,26.13,261.18,3.60,264.78
5089-1,13/5/15,Jenna Caffey,"470 Anzac Parade,Kingsford",Sydney,NSW,Consumer,Tina Carlton,High,600 Series Non-Flip,Technology,Small Box,Express Air,2013-05-16,19.78,45.99,14,643.86,2,12.88,643.84,4.99,648.83
5749-1,15/1/12,Jenna Caffey,"470 Anzac Parade,Kingsford",Sydney,NSW,Consumer,Tina Carlton,Critical,Wirebound Voice Message Log Book,Office Supplies,Wrap Bag,Regular Air,2015-01-13,2.90,4.76,42,199.92,7,13.99,199.85,0.88,200.73
6119-1,15/11/16,Jenna Caffey,"470 Anzac Parade,Kingsford",Sydney,NSW,Consumer,Tina Carlton,Critical,"Smiths Pen Style Liquid Stix; Assorted (yellow, pink, green, blue, orange), 5/Pack",Office Supplies,Wrap Bag,Regular Air,2015-11-17,3.88,6.47,22,142.34,4,5.69,142.30,1.22,143.52
5766-1,15/1/21,Jennifer Braxton,"523 King St,Newtown",Sydney,NSW,Small Business,Aanya Zhang,High,Colored Envelopes,Office Supplies,Small Box,Regular Air,2015-01-23,2.25,3.69,13,47.97,5,2.40,47.92,2.50,50.42
6511-1,16/12/4,Jennifer Jackson,"Crown Complex,Southbank",Melbourne,VIC,Home Office,Connor Betts,High,Beekin 105-Key Black Keyboard,Technology,Small Box,Regular Air,2016-12-05,6.39,19.98,29,579.42,6,34.77,579.36,4.00,583.36
5215-1,13/8/20,Jennifer Patt,"523 King St,Newtown",Sydney,NSW,Home Office,Aanya Zhang,High,"3Max Polarizing Task Lamp with Clamp Arm, Light Gray",Furniture,Large Box,Express Air,2013-08-22,56.16,136.98,41,5616.18,4,224.65,5616.14,24.49,5640.63
5491-1,14/5/13,Jennifer Patt,"523 King St,Newtown",Sydney,NSW,Home Office,Aanya Zhang,Not Specified,Alto 3-Hole Punch,Office Supplies,Small Box,Regular Air,2014-05-14,2.76,4.38,29,127.02,8,10.16,126.94,6.21,133.15
6320-1,16/6/3,Jeremy Farry,"181 Enmore Rd,Enmore",Sydney,NSW,Small Business,Radhya Staples,Not Specified,OIC Thumb-Tacks,Office Supplies,Wrap Bag,Regular Air,2016-06-05,0.71,1.14,3,3.42,10,0.34,3.32,0.70,4.02
5298-1,13/11/3,Jeremy Lonsdale,"163 Concord Road,North Strathfield",Sydney,NSW,Corporate,Charlie Bui,Critical,Apex Straight Scissors,Office Supplies,Small Pack,Regular Air,2013-11-03,5.19,12.98,40,519.20,5,25.96,519.15,3.14,522.29
5506-1,14/6/3,Jeremy Lonsdale,"163 Concord Road,North Strathfield",Sydney,NSW,Corporate,Charlie Bui,Not Specified,"Creator Anti Dust Chalk, 12/Pack",Office Supplies,Wrap Bag,Regular Air,2014-06-04,1.09,1.82,40,72.80,10,7.28,72.70,1.00,73.70
5803-1,15/2/18,Jeremy Pistek,"85-113 Dunning Ave,Roseberry",Sydney,NSW,Corporate,Mihael Khan,High,Artisan Durable Binders,Office Supplies,Small Box,Regular Air,2015-02-20,1.84,2.88,22,63.36,10,6.34,63.26,1.49,64.75
6129-1,15/11/28,Jeremy Pistek,"85-113 Dunning Ave,Roseberry",Sydney,NSW,Corporate,Mihael Khan,Critical,Unpadded Memo Slips,Office Supplies,Wrap Bag,Regular Air,2015-12-01,2.59,3.98,11,43.78,7,3.06,43.71,2.97,46.68
6567-1,17/1/23,Jeremy Pistek,"85-113 Dunning Ave,Roseberry",Sydney,NSW,Corporate,Mihael Khan,Not Specified,Artisan Hi-Liter Pen Style Six-Color Fluorescent Set,Office Supplies,Wrap Bag,Regular Air,2017-01-25,2.16,3.85,18,69.30,4,2.77,69.26,0.70,69.96
5189-1,13/7/27,Jesus Ocampo,"60 Commercial Rd,Prahran",Melbourne,VIC,Small Business,Yvette Biti,Low,Adesso Programmable 142-Key Keyboard,Technology,Small Box,Regular Air,2013-07-29,39.64,152.48,31,4726.88,7,330.88,4726.81,6.50,4733.31
5458-1,14/4/4,Jesus Ocampo,"60 Commercial Rd,Prahran",Melbourne,VIC,Small Business,Yvette Biti,Not Specified,Artisan 48 Labels,Office Supplies,Small Box,Regular Air,2014-04-05,3.84,6.30,18,113.40,10,11.34,113.30,0.50,113.80
5703-1,14/12/1,Jesus Ocampo,"60 Commercial Rd,Prahran",Melbourne,VIC,Small Business,Yvette Biti,Low,Steady 52201 APSCO Electric Pencil Sharpener,Office Supplies,Small Pack,Regular Air,2014-12-08,16.80,40.97,47,1925.59,4,77.02,1925.55,8.99,1934.54
5594-1,14/8/25,Jill Fjeld,"53 Riley Street,Woolloomooloo",Sydney,NSW,Home Office,Tina Carlton,High,PastelOcean Color Pencil Set,Office Supplies,Wrap Bag,Regular Air,2014-08-27,11.11,19.84,28,555.52,6,33.33,555.46,4.10,559.56
5686-1,14/11/16,Jill Stevenson,"181 Enmore Rd,Enmore",Sydney,NSW,Consumer,Radhya Staples,Low,Beekin 6 Outlet Metallic Surge Strip,Office Supplies,Small Box,Regular Air,2014-11-21,4.46,10.89,8,87.12,9,7.84,87.03,4.50,91.53
5117-1,13/6/2,Jim Epp,"Macquarie Centre Cnr Herring Road & Waterloo Road,Macquarie Park",Sydney,NSW,Small Business,Nicholas Fernandes,Low,Laser DVD-RAM discs,Technology,Small Pack,Regular Air,2013-06-04,20.18,35.41,38,1345.58,3,40.37,1345.55,1.99,1347.54
6307-1,16/5/26,Jim Karlsson,"1-2/299 Sussex St,Sydney",Sydney,NSW,Small Business,Aanya Zhang,Medium,Airmail Envelopes,Office Supplies,Small Box,Regular Air,2016-05-27,52.04,83.93,5,419.65,4,16.79,419.61,19.99,439.60
5129-1,13/6/11,Jim Kriz,"85-113 Dunning Ave,Roseberry",Sydney,NSW,Consumer,Mihael Khan,Low,Smiths Colored Interoffice Envelopes,Office Supplies,Small Box,Regular Air,2013-06-13,19.83,30.98,49,1518.02,9,136.62,1517.93,19.51,1537.44
5603-1,14/8/28,Jim Kriz,"85-113 Dunning Ave,Roseberry",Sydney,NSW,Consumer,Mihael Khan,Low,TechSavi Internet Navigator Keyboard,Technology,Small Box,Regular Air,2014-09-01,6.51,30.98,37,1146.26,3,34.39,1146.23,6.50,1152.73
6027-1,15/8/15,Jim Kriz,"85-113 Dunning Ave,Roseberry",Sydney,NSW,Consumer,Mihael Khan,High,Binder Posts,Office Supplies,Small Box,Express Air,2015-08-17,3.50,5.74,32,183.68,8,14.69,183.60,5.01,188.61
6317-1,16/6/2,Jim Kriz,"85-113 Dunning Ave,Roseberry",Sydney,NSW,Consumer,Mihael Khan,Critical,Smiths Bulk Pack Metal Binder Clips,Office Supplies,Wrap Bag,Regular Air,2016-06-04,3.95,6.08,50,304.00,9,27.36,303.91,1.82,305.73
5527-1,14/6/19,Jim Mitchum,"85-113 Dunning Ave,Rosebery",Sydney,NSW,Consumer,Mihael Khan,Not Specified,Laser DVD-RAM discs,Technology,Small Pack,Regular Air,2014-06-21,20.18,35.41,21,743.61,1,7.44,743.60,1.99,745.59
5487-1,14/5/9,Jim Radford,"222 Barkly St,St Kilda",Melbourne,VIC,Corporate,Yvette Biti,Critical,"3Max Polarizing Task Lamp with Clamp Arm, Light Gray",Furniture,Large Box,Regular Air,2014-05-10,56.16,136.98,44,6027.12,8,482.17,6027.04,24.49,6051.53
5747-1,15/1/12,Jim Sink,"Westfield Miranda, 600 Kingsway,Miranda",Sydney,NSW,Corporate,Preston Senome,Not Specified,Smiths Standard Envelopes,Office Supplies,Small Box,Regular Air,2015-01-14,3.52,5.68,18,102.24,6,6.13,102.18,1.39,103.57
5222-1,13/8/25,John Castell,"38/133-145 Castlereagh St,Sydney",Sydney,NSW,Small Business,Natasha Song,Medium,Smiths Standard Envelopes,Office Supplies,Small Box,Regular Air,2013-08-26,3.52,5.68,32,181.76,5,9.09,181.71,1.39,183.10
5225-1,13/8/29,John Castell,"38/133-145 Castlereagh St,Sydney",Sydney,NSW,Consumer,Natasha Song,Not Specified,Artisan Premier Heavy-Duty Binder with Round Locking Rings,Office Supplies,Small Box,Regular Air,2013-08-30,8.71,14.28,8,114.24,1,1.14,114.23,2.99,117.22
5354-1,13/12/29,John Castell,"38/133-145 Castlereagh St,Sydney",Sydney,NSW,Small Business,Natasha Song,Not Specified,TechSavi Cordless Elite Duo,Technology,Small Box,Regular Air,2013-12-30,60.59,100.98,1,100.98,10,10.10,100.88,7.18,108.06
6402-1,16/9/18,John Castell,"38/133-145 Castlereagh St,Sydney",Sydney,NSW,Consumer,Natasha Song,Low,Artisan 478 Labels,Office Supplies,Small Box,Regular Air,2016-09-18,3.14,4.91,13,63.83,1,0.64,63.82,0.50,64.32
5257-1,13/10/1,John Dryer,"8 Rankins Lane ,Melbourne",Melbourne,VIC,Corporate,Connor Betts,Medium,Laser DVD-RAM discs,Technology,Small Pack,Express Air,2013-10-02,20.18,35.41,16,566.56,0,0.00,566.56,1.99,568.55
6333-1,16/6/19,John Huston,"154 Castlereagh St,Sydney",Sydney,NSW,Consumer,Samantha Chairs,Medium,Apex Preferred Stainless Steel Scissors,Office Supplies,Small Pack,Regular Air,2016-06-20,2.50,5.68,27,153.36,3,4.60,153.33,3.60,156.93
5514-1,14/6/8,John Lee,"180 High Street,Windsor",Melbourne,VIC,Corporate,Connor Betts,Not Specified,Artisan Poly Binder Pockets,Office Supplies,Small Box,Express Air,2014-06-10,2.26,3.58,44,157.52,6,9.45,157.46,5.47,162.93
5593-1,14/8/25,John Lee,"180 High Street,Windsor",Melbourne,VIC,Corporate,Connor Betts,High,Aluminum Document Frame,Furniture,Small Pack,Regular Air,2014-08-27,5.50,12.22,37,452.14,9,40.69,452.05,2.85,454.90
6293-1,16/5/12,John Lee,"180 High Street,Windsor",Melbourne,VIC,Corporate,Connor Betts,Critical,Self-Adhesive Ring Binder Labels,Office Supplies,Small Box,Regular Air,2016-05-14,2.18,3.52,42,147.84,4,5.91,147.80,6.83,154.63
5581-1,14/8/7,John Lucas,"188 Pitt Street,Sydney",Sydney,NSW,Small Business,Tina Carlton,Critical,Alto Memo Cubes,Office Supplies,Wrap Bag,Regular Air,2014-08-09,3.32,5.18,17,88.06,2,1.76,88.04,2.04,90.08
6302-1,16/5/21,John Lucas,"188 Pitt Street,Sydney",Sydney,NSW,Corporate,Tina Carlton,Critical,"Multi-Use Personal File Cart and Caster Set, Three Stacking Bins",Office Supplies,Small Box,Regular Air,2016-05-22,14.95,34.76,47,1633.72,9,147.03,1633.63,8.22,1641.85
5676-1,14/11/1,John Murray,"Sydney Fish Market, Bank Street, Sydney",Sydney,NSW,Small Business,Phoebe Gour,Not Specified,Ames Color-File Green Diamond Border X-ray Mailers,Office Supplies,Small Box,Regular Air,2014-11-03,52.07,83.98,24,2015.52,5,100.78,2015.47,5.01,2020.48
6505-1,16/11/27,John Murray,"Sydney Fish Market, Bank Street, Sydney",Sydney,NSW,Small Business,Phoebe Gour,Low,Cando PC940 Copier,Technology,Jumbo Drum,Delivery Truck,2016-11-27,278.99,449.99,18,8099.82,9,728.98,8099.73,49.00,8148.73
6493-1,16/11/16,Jonathan Doherty,"53-55 Liverpool St,Sydney",Sydney,NSW,Corporate,Tina Carlton,High,"OIC Colored Binder Clips, Assorted Sizes",Office Supplies,Wrap Bag,Regular Air,2016-11-16,2.29,3.58,32,114.56,9,10.31,114.47,1.63,116.10
5829-1,15/3/17,Jonathan Howell,"180 High Street,Windsor",Melbourne,VIC,Consumer,Connor Betts,Medium,Xit Blank Computer Paper,Office Supplies,Small Box,Regular Air,2015-03-17,12.39,19.98,32,639.36,5,31.97,639.31,5.77,645.08
6460-1,16/10/28,Joni Sundaresam,"8 Rankins Lane ,Melbourne",Melbourne,VIC,Home Office,Connor Betts,Low,Beekin 6 Outlet Metallic Surge Strip,Office Supplies,Small Box,Express Air,2016-11-06,4.46,10.89,30,326.70,8,26.14,326.62,4.50,331.12
5261-1,13/10/5,Joni Wasserman,"Westfield Sydney,Sydney",Sydney,NSW,Consumer,Natasha Song,Low,600 Series Flip,Technology,Small Box,Regular Air,2013-10-12,41.28,95.99,17,1631.83,9,146.86,1631.74,8.99,1640.73
5340-1,13/12/13,Joseph Airdo,"Westfield Sydney,Sydney",Sydney,NSW,Consumer,Natasha Song,Not Specified,Artisan Binding System Hidden Tab Executive Style Index Sets,Office Supplies,Small Box,Regular Air,2013-12-14,3.75,5.77,9,51.93,0,0.00,51.93,4.97,56.90
5695-1,14/11/22,Joseph Airdo,"Westfield Sydney,Sydney",Sydney,NSW,Consumer,Natasha Song,Critical,Steady Liquid Accent Tank-Style Highlighters,Office Supplies,Wrap Bag,Regular Air,2014-11-24,1.31,2.84,39,110.76,5,5.54,110.71,0.93,111.64
5953-1,15/6/28,Joseph Airdo,"Westfield Sydney,Sydney",Sydney,NSW,Corporate,Natasha Song,Medium,Artisan Durable Binders,Office Supplies,Small Box,Regular Air,2015-06-30,1.84,2.88,25,72.00,4,2.88,71.96,1.49,73.45
6177-1,16/1/24,Joy Bell,"Westfield Miranda, 600 Kingsway,Miranda",Sydney,NSW,Home Office,Preston Senome,Critical,Apex Straight Scissors,Office Supplies,Small Pack,Regular Air,2016-01-25,5.19,12.98,50,649.00,8,51.92,648.92,3.14,652.06
6576-1,17/2/1,Joy Daniels,"12 Princess Hwy,Sylvania",Sydney,NSW,Corporate,Nicholas Fernandes,Low,Barrel Sharpener,Office Supplies,Small Pack,Regular Air,2017-02-05,1.46,3.57,25,89.25,1,0.89,89.24,4.17,93.41
5115-1,13/5/31,Joy Smith,"221 Barkly St,St Kilda",Melbourne,VIC,Consumer,Yvette Biti,Low,"Wirebound Message Book, 4 per Page",Office Supplies,Wrap Bag,Regular Air,2013-06-04,3.48,5.43,29,157.47,7,11.02,157.40,0.95,158.35
5346-1,13/12/19,Joy Smith,"221 Barkly St,St Kilda",Melbourne,VIC,Consumer,Yvette Biti,High,TechSavi Cordless Navigator Duo,Technology,Small Box,Regular Air,2013-12-21,42.11,80.98,13,1052.74,3,31.58,1052.71,7.18,1059.89
5742-1,15/1/10,Joy Smith,"221 Barkly St,St Kilda",Melbourne,VIC,Consumer,Yvette Biti,Low,Steady Liquid Accent Tank-Style Highlighters,Office Supplies,Wrap Bag,Regular Air,2015-01-10,1.31,2.84,21,59.64,0,0.00,59.64,0.93,60.57
5693-1,14/11/22,Julia Barnett,"485 Crown St,Surry Hills",Sydney,NSW,Home Office,Leighton Forrest,High,"Artisan Flip-Chart Easel Binder, Black",Office Supplies,Small Box,Regular Air,2014-11-22,13.88,22.38,10,223.80,1,2.24,223.79,15.10,238.89
6546-1,17/1/3,Julia Barnett,"485 Crown St,Surry Hills",Sydney,NSW,Home Office,Leighton Forrest,Not Specified,Adesso Programmable 142-Key Keyboard,Technology,Small Box,Regular Air,2017-01-04,32.02,152.48,46,7014.08,4,280.56,7014.04,4.00,7018.04
6565-1,17/1/20,Julia Barnett,"485 Crown St,Surry Hills",Sydney,NSW,Corporate,Leighton Forrest,Not Specified,"Alto Parchment Paper, Assorted Colors",Office Supplies,Small Box,Regular Air,2017-01-21,4.59,7.28,24,174.72,10,17.47,174.62,11.15,185.77
5558-1,14/7/18,Julia Dunbar,"Qantas Domestic Terminal,Mascot",Sydney,NSW,Consumer,Phoebe Gour,Low,Colored Push Pins,Office Supplies,Wrap Bag,Regular Air,2014-07-20,0.92,1.81,8,14.48,5,0.72,14.43,1.56,15.99
5558-2,14/7/18,Julia Dunbar,"Qantas Domestic Terminal,Mascot",Sydney,NSW,Consumer,Phoebe Gour,Low,"Steady Colorific Eraseable Coloring Pencils, 12 Count",Office Supplies,Wrap Bag,Regular Air,2014-07-25,1.90,3.28,41,134.48,5,6.72,134.43,1.95,136.38
5685-1,14/11/16,Julia Dunbar,"Qantas Domestic Terminal,Mascot",Sydney,NSW,Consumer,Phoebe Gour,Not Specified,300 Series Non-Flip,Technology,Small Box,Regular Air,2014-11-18,62.40,155.99,6,935.94,2,18.72,935.92,8.08,944.00
5782-1,15/2/1,Julia Dunbar,"Qantas Domestic Terminal,Mascot",Sydney,NSW,Consumer,Phoebe Gour,Critical,Binding Machine Supplies,Office Supplies,Small Box,Regular Air,2015-02-03,18.38,29.17,43,1254.31,5,62.72,1254.26,6.27,1260.53
5497-1,14/5/19,Juliana Krohn,"2/797 Botany Rd,Rosebery",Sydney,NSW,Corporate,Samantha Chairs,Low,Smiths Bulldog Clip,Office Supplies,Wrap Bag,Express Air,2014-05-24,2.31,3.78,15,56.70,3,1.70,56.67,0.71,57.38
6132-1,15/11/30,Julie Creighton,"22 Civic Rd,Auburn",Sydney,NSW,Corporate,Mihael Khan,Not Specified,DrawIt Colored Pencils,Office Supplies,Wrap Bag,Regular Air,2015-12-01,4.37,9.11,30,273.30,3,8.20,273.27,2.25,275.52
5165-1,13/7/10,Julie Kriz,"Macquarie Centre Cnr Herring Road & Waterloo Road,Macquarie Park",Sydney,NSW,Corporate,Nicholas Fernandes,Critical,Artisan Non-Stick Binders,Office Supplies,Small Box,Regular Air,2013-07-10,2.74,4.49,11,49.39,8,3.95,49.31,1.49,50.80
5409-1,14/2/12,Julie Prescott,"438 Victoria Avenue,Chatswood",Sydney,NSW,Home Office,Natasha Song,High,Cando PC940 Copier,Technology,Large Box,Regular Air,2014-02-13,216.00,449.99,5,2249.95,2,45.00,2249.93,24.49,2274.42
5520-1,14/6/16,Julie Prescott,"438 Victoria Avenue,Chatswood",Sydney,NSW,Home Office,Natasha Song,Low,Smiths Standard Envelopes,Office Supplies,Small Box,Regular Air,2014-06-21,3.52,5.68,32,181.76,10,18.18,181.66,1.39,183.05
6003-1,15/7/30,Julie Prescott,"438 Victoria Avenue,Chatswood",Sydney,NSW,Home Office,Natasha Song,Medium,TechSavi Cordless Access Keyboard,Technology,Small Box,Express Air,2015-07-31,14.70,29.99,27,809.73,5,40.49,809.68,5.50,815.18
5448-1,14/3/21,Justin Ellison,"163 Concord Road,North Strathfield",Sydney,NSW,Home Office,Charlie Bui,Low,Artisan 481 Labels,Office Supplies,Small Box,Regular Air,2014-03-26,1.94,3.08,5,15.40,6,0.92,15.34,0.99,16.33
5319-1,13/11/23,Justin Hirsh,"Qantas Domestic Terminal,Mascot",Sydney,NSW,Consumer,Phoebe Gour,Not Specified,3Max Polarizing Light Filter Sleeves,Furniture,Small Pack,Regular Air,2013-11-24,11.38,18.65,19,354.35,7,24.80,354.28,3.77,358.05
5049-1,13/3/30,Justin Knight,"Macquarie Centre Cnr Herring Road & Waterloo Road,Macquarie Park",Sydney,NSW,Corporate,Nicholas Fernandes,Not Specified,Office Shears by Apex,Office Supplies,Small Pack,Regular Air,2013-03-31,0.94,2.08,4,8.32,2,0.17,8.30,2.56,10.86
5212-1,13/8/14,Justin Knight,"Macquarie Centre Cnr Herring Road & Waterloo Road,Macquarie Park",Sydney,NSW,Corporate,Nicholas Fernandes,Low,Self-Adhesive Ring Binder Labels,Office Supplies,Small Box,Regular Air,2013-08-23,2.18,3.52,12,42.24,4,1.69,42.20,6.83,49.03
6176-1,16/1/19,Justin MacKendrick,"53-55 Liverpool Street,Sydney",Sydney,NSW,Corporate,Tina Carlton,Critical,UGen Ultra Professional Cordless Optical Suite,Technology,Small Box,Regular Air,2016-01-19,156.50,300.97,43,12941.71,8,1035.34,12941.63,7.18,12948.81
5960-1,15/7/2,Karen Ferguson,"1-2/299 Sussex St,Sydney",Sydney,NSW,Home Office,Aanya Zhang,Critical,PastelOcean Color Pencil Set,Office Supplies,Wrap Bag,Regular Air,2015-07-04,11.11,19.84,1,19.84,5,0.99,19.79,4.10,23.89
5185-1,13/7/24,Karl Brown,"470 Anzac Parade,Kingsford",Sydney,NSW,Home Office,Tina Carlton,Critical,Artisan Hanging File Binders,Office Supplies,Small Box,Regular Air,2013-07-26,3.65,5.98,14,83.72,9,7.53,83.63,1.49,85.12
6005-1,15/8/1,Karl Brown,"470 Anzac Parade,Kingsford",Sydney,NSW,Home Office,Tina Carlton,Critical,TechSavi Cordless Navigator Duo,Technology,Small Box,Regular Air,2015-08-03,42.11,80.98,22,1781.56,10,178.16,1781.46,7.18,1788.64
6154-1,15/12/25,Karl Brown,"470 Anzac Parade,Kingsford",Sydney,NSW,Corporate,Tina Carlton,High,Pizazz Dustless Chalk Sticks,Office Supplies,Wrap Bag,Regular Air,2015-12-26,1.09,1.68,24,40.32,5,2.02,40.27,1.00,41.27
5033-1,13/2/25,Katherine Ducich,"61A Bay Road,Wollstonecraft",Sydney,NSW,Corporate,Samantha Chairs,Medium,TypeRight Side-Opening Peel & Seel Expanding Envelopes,Office Supplies,Small Box,Regular Air,2013-02-27,54.29,90.48,3,271.44,3,8.14,271.41,19.99,291.40
6427-1,16/10/6,Katherine Ducich,"61A Bay Road,Wollstonecraft",Sydney,NSW,Corporate,Samantha Chairs,High,Smiths Standard Envelopes,Office Supplies,Small Box,Regular Air,2016-10-08,3.52,5.68,23,130.64,2,2.61,130.62,1.39,132.01
6352-1,16/7/11,Katherine Murray,"18 Whistler St,Sydney",Sydney,NSW,Home Office,Nicholas Fernandes,Medium,"Wirebound Message Book, 4 per Page",Office Supplies,Wrap Bag,Regular Air,2016-07-12,3.48,5.43,2,10.86,3,0.33,10.83,0.95,11.78
5743-1,15/1/11,Katherine Nockton,"Crown Complex,Southbank",Melbourne,VIC,Corporate,Yvette Biti,Not Specified,Laser DVD-RAM discs,Technology,Small Pack,Regular Air,2015-01-12,20.18,35.41,1,35.41,0,0.00,35.41,1.99,37.40
5852-1,15/4/10,Katrina Edelman,"Westfield Miranda, 600 Kingsway,Miranda",Sydney,NSW,Corporate,Preston Senome,Critical,Pizazz Drawing Pencil Set,Office Supplies,Wrap Bag,Regular Air,2015-04-11,1.53,2.78,19,52.82,6,3.17,52.76,1.34,54.10
5740-1,15/1/9,Katrina Willman,"120 Hardware St,Melbourne",Melbourne,VIC,Consumer,Yvette Biti,High,Assorted Color Push Pins,Office Supplies,Wrap Bag,Regular Air,2015-01-11,0.87,1.81,9,16.29,9,1.47,16.20,0.75,16.95
5204-1,13/8/9,Kean Takahito,"21 Wentworth St,Parramatta",Sydney,NSW,Home Office,Aanya Zhang,Not Specified,Binding Machine Supplies,Office Supplies,Small Box,Regular Air,2013-08-10,18.38,29.17,8,233.36,2,4.67,233.34,6.27,239.61
5606-1,14/9/3,Kean Thornton,"Westfield Sydney,Sydney",Sydney,NSW,Corporate,Natasha Song,Low,Artisan Hi-Liter Smear-Safe Highlighters,Office Supplies,Wrap Bag,Regular Air,2014-09-10,2.98,5.84,22,128.48,10,12.85,128.38,0.83,129.21
6355-1,16/7/17,Kean Thornton,"Westfield Sydney,Sydney",Sydney,NSW,Corporate,Natasha Song,Not Specified,Steady Pocket Accent Highlighters,Office Supplies,Wrap Bag,Regular Air,2016-07-18,0.93,1.60,39,62.40,10,6.24,62.30,1.29,63.59
6572-1,17/1/27,Kean Thornton,"Westfield Sydney,Sydney",Sydney,NSW,Corporate,Natasha Song,Critical,Artisan Hole Reinforcements,Office Supplies,Small Box,Regular Air,2017-01-28,3.99,6.23,25,155.75,7,10.90,155.68,6.97,162.65
5824-1,15/3/16,Keith Dawkins,"402 Argyle St,Moss Vale",Sydney,NSW,Home Office,Natasha Song,Not Specified,Emerson Stylus 1520 Color Inkjet Printer,Technology,Jumbo Drum,Delivery Truck,2015-03-17,315.61,500.97,3,1502.91,6,90.17,1502.85,69.30,1572.15
5967-1,15/7/9,Keith Dawkins,"402 Argyle St,Moss Vale",Sydney,NSW,Home Office,Natasha Song,Not Specified,"3Max Polarizing Task Lamp with Clamp Arm, Light Gray",Furniture,Large Box,Regular Air,2015-07-10,56.16,136.98,7,958.86,2,19.18,958.84,24.49,983.33
5570-1,14/7/30,Keith Herrera,"120 Hardware St,Melbourne",Melbourne,VIC,Small Business,Yvette Biti,High,Artisan File Folder Labels,Office Supplies,Small Box,Regular Air,2014-07-31,1.84,2.88,11,31.68,2,0.63,31.66,5.33,36.99
5470-1,14/4/17,Kelly Collister,"499-501 Lygon Street,Carlton North",Melbourne,VIC,Consumer,Yvette Biti,High,"Alto Parchment Paper, Assorted Colors",Office Supplies,Small Box,Regular Air,2014-04-19,4.59,7.28,11,80.08,7,5.61,80.01,11.15,91.16
5667-1,14/10/22,Kelly Collister,"499-501 Lygon Street,Carlton North",Melbourne,VIC,Consumer,Yvette Biti,High,3Max Organizer Strips,Office Supplies,Small Box,Regular Air,2014-10-23,3.40,5.40,22,118.80,10,11.88,118.70,7.78,126.48
5109-1,13/5/28,Kelly Lampkin,"310 Wattle St,Ultimo",Sydney,NSW,Corporate,Aanya Zhang,Low,"OIC Colored Binder Clips, Assorted Sizes",Office Supplies,Wrap Bag,Regular Air,2013-06-01,2.29,3.58,38,136.04,6,8.16,135.98,1.63,137.61
6095-1,15/10/21,Kelly Lampkin,"310 Wattle St,Ultimo",Sydney,NSW,Home Office,Aanya Zhang,Medium,OIC Bulk Pack Metal Binder Clips,Office Supplies,Wrap Bag,Express Air,2015-10-23,2.13,3.49,3,10.47,1,0.10,10.46,0.76,11.22
5060-1,13/4/30,Kelly Williams,"499-501 Lygon Street,Carlton North",Melbourne,VIC,Corporate,Yvette Biti,Medium,Adesso Programmable 142-Key Keyboard,Technology,Small Box,Express Air,2013-05-01,32.02,152.48,16,2439.68,10,243.97,2439.58,4.00,2443.58
6038-1,15/8/26,Kelly Williams,"499-501 Lygon Street,Carlton North",Melbourne,VIC,Corporate,Yvette Biti,Medium,Airmail Envelopes,Office Supplies,Small Box,Regular Air,2015-08-28,52.04,83.93,3,251.79,0,0.00,251.79,19.99,271.78
6389-1,16/8/24,Kelly Williams,"499-501 Lygon Street,Carlton North",Melbourne,VIC,Corporate,Yvette Biti,Medium,"TypeRight  Top-Opening Peel & Seel Envelopes, Plain White",Office Supplies,Small Box,Regular Air,2016-08-25,16.85,27.18,50,1359.00,2,27.18,1358.98,8.23,1367.21
6480-1,16/11/8,Ken Black,"Westfield Sydney,Sydney",Sydney,NSW,Consumer,Natasha Song,Low,Alto Perma 2700 Stacking Storage Drawers,Office Supplies,Small Box,Regular Air,2016-11-13,8.92,29.74,31,921.94,0,0.00,921.94,6.64,928.58
5500-1,14/5/29,Ken Dana,"73 York St,Sydney",Sydney,NSW,Corporate,Tina Carlton,Low,Adesso Programmable 142-Key Keyboard,Technology,Small Box,Regular Air,2014-06-02,32.02,152.48,49,7471.52,3,224.15,7471.49,4.00,7475.49
6157-1,15/12/28,Ken Dana,"73 York St,Sydney",Sydney,NSW,Small Business,Tina Carlton,Critical,Smiths General Use 3-Ring Binders,Office Supplies,Small Box,Regular Air,2015-12-30,1.18,1.88,1,1.88,9,0.17,1.79,1.49,3.28
6569-1,17/1/24,Ken Heidel,"438 Victoria Avenue,Chatswood",Sydney,NSW,Corporate,Natasha Song,Not Specified,Binder Posts,Office Supplies,Small Box,Regular Air,2017-01-26,3.50,5.74,46,264.04,5,13.20,263.99,5.01,269.00
5392-1,14/1/27,Ken Lonsdale,"99 Lygon Street,East Brunswick",Melbourne,VIC,Consumer,Connor Betts,High,Artisan Printable Repositionable Plastic Tabs,Office Supplies,Small Box,Regular Air,2014-01-27,5.33,8.60,4,34.40,4,1.38,34.36,6.19,40.55
6525-1,16/12/10,Ken Lonsdale,"99 Lygon Street,East Brunswick",Melbourne,VIC,Consumer,Connor Betts,Low,"DrawIt Pizazz Watercolor Pencils, 10-Color Set with Brush",Office Supplies,Wrap Bag,Regular Air,2016-12-14,2.39,4.26,44,187.44,1,1.87,187.43,1.20,188.63
5294-1,13/11/1,Kristina Nunn,"22 Civic Rd,Auburn",Sydney,NSW,Consumer,Mihael Khan,Critical,"Laser Neon Mac Format Diskettes, 10/Pack",Technology,Small Pack,Regular Air,2013-11-02,1.87,8.12,16,129.92,3,3.90,129.89,2.83,132.72
6392-1,16/9/5,Kristina Nunn,"22 Civic Rd,Auburn",Sydney,NSW,Consumer,Mihael Khan,Medium,Smiths Bulldog Clip,Office Supplies,Wrap Bag,Regular Air,2016-09-07,2.31,3.78,38,143.64,3,4.31,143.61,0.71,144.32
6048-1,15/8/31,Larry Hughes,"541 Church St,Richmond",Melbourne,VIC,Home Office,Yvette Biti,Critical,Beekin 6 Outlet Metallic Surge Strip,Office Supplies,Small Box,Regular Air,2015-09-01,4.46,10.89,50,544.50,9,49.01,544.41,4.50,548.91
5330-1,13/12/8,Larry Tron,"4A Lyons St,Strathfield",Sydney,NSW,Home Office,Tina Carlton,Medium,Steady Pocket Accent Highlighters,Office Supplies,Wrap Bag,Regular Air,2013-12-08,0.93,1.60,25,40.00,10,4.00,39.90,1.29,41.19
5965-1,15/7/5,Larry Tron,"4A Lyons St,Strathfield",Sydney,NSW,Home Office,Tina Carlton,Critical,1726 Digital Answering Machine,Technology,Medium Box,Regular Air,2015-07-07,8.82,20.99,49,1028.51,6,61.71,1028.45,4.81,1033.26
5052-1,13/4/20,Laura Armstrong,"240-242 Johnston Street,Fitzroy",Melbourne,VIC,Small Business,Connor Betts,Not Specified,EcoTones Memo Sheets,Office Supplies,Wrap Bag,Regular Air,2013-04-22,2.52,4.00,31,124.00,1,1.24,123.99,1.30,125.29
5980-1,15/7/19,Laura Armstrong,"240-242 Johnston Street,Fitzroy",Melbourne,VIC,Small Business,Connor Betts,Medium,Binder Posts,Office Supplies,Small Box,Regular Air,2015-07-20,3.50,5.74,41,235.34,8,18.83,235.26,5.01,240.27
6061-1,15/9/8,Laura Armstrong,"240-242 Johnston Street,Fitzroy",Melbourne,VIC,Small Business,Connor Betts,High,Bagged Rubber Bands,Office Supplies,Wrap Bag,Regular Air,2015-09-10,0.24,1.26,31,39.06,6,2.34,39.00,0.70,39.70
6423-1,16/9/30,Laura Armstrong,"240-242 Johnston Street,Fitzroy",Melbourne,VIC,Small Business,Connor Betts,High,"Alto Parchment Paper, Assorted Colors",Office Supplies,Small Box,Regular Air,2016-10-02,4.59,7.28,50,364.00,1,3.64,363.99,11.15,375.14
6502-1,16/11/26,Laurel Elliston,"1 John St,Waterloo",Sydney,NSW,Home Office,Charlie Bui,Medium,Artisan 474 Labels,Office Supplies,Small Box,Regular Air,2016-11-28,1.84,2.88,6,17.28,6,1.04,17.22,0.99,18.21
6562-1,17/1/19,Laurel Workman,"38/133-145 Castlereagh St,Sydney",Sydney,NSW,Home Office,Natasha Song,Medium,Apex Straight Scissors,Office Supplies,Small Pack,Express Air,2017-01-21,5.19,12.98,10,129.80,5,6.49,129.75,3.14,132.89
5925-1,15/5/31,Lauren Leatherbury,"Westfield 1 Anderson St,Chatswood",Sydney,NSW,Home Office,Nicholas Fernandes,Low,"Multi-Use Personal File Cart and Caster Set, Three Stacking Bins",Office Supplies,Small Box,Regular Air,2015-06-05,14.95,34.76,43,1494.68,8,119.57,1494.60,8.22,1502.82
5951-1,15/6/27,Lauren Leatherbury,"Westfield 1 Anderson St,Chatswood",Sydney,NSW,Corporate,Nicholas Fernandes,Not Specified,Self-Adhesive Ring Binder Labels,Office Supplies,Small Box,Regular Air,2015-06-29,2.18,3.52,1,3.52,4,0.14,3.48,6.83,10.31
6309-1,16/5/27,Lela Donovan,"255 Devonshire St,Surry Hills",Sydney,NSW,Corporate,Aanya Zhang,Not Specified,Artisan Printable Repositionable Plastic Tabs,Office Supplies,Small Box,Regular Air,2016-05-27,5.33,8.60,1,8.60,6,0.52,8.54,6.19,14.73
5701-1,14/11/30,Lena Creighton,"127 Liverpool St,Sydney",Sydney,NSW,Home Office,Samantha Chairs,High,Alto Memo Cubes,Office Supplies,Wrap Bag,Express Air,2014-12-02,3.32,5.18,9,46.62,9,4.20,46.53,2.04,48.57
6148-1,15/12/19,Lena Creighton,"127 Liverpool St,Sydney",Sydney,NSW,Corporate,Samantha Chairs,Critical,Beekin 6 Outlet Metallic Surge Strip,Office Supplies,Small Box,Regular Air,2015-12-21,4.46,10.89,30,326.70,8,26.14,326.62,4.50,331.12
6166-1,16/1/9,Lena Creighton,"127 Liverpool St,Sydney",Sydney,NSW,Home Office,Samantha Chairs,High,Steady Liquid Accent Highlighters,Office Supplies,Wrap Bag,Regular Air,2016-01-11,3.47,6.68,10,66.80,8,5.34,66.72,1.50,68.22
5432-1,14/2/28,Lena Radford,"4A Lyons St,Strathfield",Sydney,NSW,Small Business,Tina Carlton,Medium,"Steady EarthWrite Recycled Pencils, Medium Soft, #2",Office Supplies,Wrap Bag,Regular Air,2014-03-01,0.90,2.10,21,44.10,4,1.76,44.06,0.70,44.76
5711-1,14/12/9,Linda Southworth,"359 Crown Street,Surry Hills",Sydney,NSW,Consumer,Phoebe Gour,Medium,Xit Blank Computer Paper,Office Supplies,Small Box,Regular Air,2014-12-11,12.39,19.98,48,959.04,1,9.59,959.03,5.77,964.80
5795-1,15/2/9,Linda Southworth,"359 Crown Street,Surry Hills",Sydney,NSW,Consumer,Phoebe Gour,Low,Alto Memo Cubes,Office Supplies,Wrap Bag,Express Air,2015-02-16,3.32,5.18,11,56.98,6,3.42,56.92,2.04,58.96
6215-1,16/2/26,Linda Southworth,"359 Crown Street,Surry Hills",Sydney,NSW,Consumer,Phoebe Gour,Low,Artisan Hi-Liter Smear-Safe Highlighters,Office Supplies,Wrap Bag,Regular Air,2016-03-04,2.98,5.84,19,110.96,1,1.11,110.95,0.83,111.78
5512-1,14/6/5,Lindsay Castell,"Qantas Domestic Terminal,Mascot",Sydney,NSW,Corporate,Phoebe Gour,Medium,Xit Blank Computer Paper,Office Supplies,Small Box,Regular Air,2014-06-07,12.39,19.98,10,199.80,10,19.98,199.70,5.77,205.47
6134-1,15/12/4,Lindsay Castell,"Qantas Domestic Terminal,Mascot",Sydney,NSW,Small Business,Phoebe Gour,High,Artisan 474 Labels,Office Supplies,Small Box,Regular Air,2015-12-05,1.84,2.88,28,80.64,10,8.06,80.54,0.99,81.53
6343-1,16/6/30,Lindsay Castell,"Qantas Domestic Terminal,Mascot",Sydney,NSW,Corporate,Phoebe Gour,High,Bagged Rubber Bands,Office Supplies,Wrap Bag,Regular Air,2016-07-01,0.24,1.26,47,59.22,0,0.00,59.22,0.70,59.92
5677-1,14/11/2,Lindsay Shagiari,"5/250 Old Northern Road ,Castle Hill",Sydney,NSW,Home Office,Nicholas Fernandes,High,Security-Tint Envelopes,Office Supplies,Small Box,Regular Air,2014-11-04,4.89,7.64,12,91.68,2,1.83,91.66,1.39,93.05
6380-1,16/8/24,Lindsay Shagiari,"5/250 Old Northern Road ,Castle Hill",Sydney,NSW,Home Office,Nicholas Fernandes,Low,600 Series Non-Flip,Technology,Small Box,Regular Air,2016-08-24,19.78,45.99,46,2115.54,10,211.55,2115.44,4.99,2120.43
6091-1,15/10/15,Lisa DeCherney,"324A King St,Newtown",Sydney,NSW,Consumer,Mihael Khan,Low,Smiths Paper Clips,Office Supplies,Wrap Bag,Express Air,2015-10-15,1.53,2.47,45,111.15,7,7.78,111.08,1.02,112.10
6091-2,15/10/15,Lisa DeCherney,"324A King St,Newtown",Sydney,NSW,Consumer,Mihael Khan,Low,"Wirebound Message Book, 4 per Page",Office Supplies,Wrap Bag,Regular Air,2015-10-19,3.48,5.43,11,59.73,0,0.00,59.73,0.95,60.68
6538-1,16/12/24,Lisa Hazard,"Cnr Williams Road & Lechlade Ave,South Yarra",Melbourne,VIC,Home Office,Yvette Biti,High,Artisan Binder Labels,Office Supplies,Small Box,Regular Air,2016-12-25,2.45,3.89,3,11.67,0,0.00,11.67,7.01,18.68
5300-1,13/11/5,Liz Carlisle,"797 Botany Rd,Rosebery",Sydney,NSW,Corporate,Phoebe Gour,Critical,Lumi Crayons,Office Supplies,Wrap Bag,Regular Air,2013-11-06,5.22,9.85,27,265.95,10,26.60,265.85,4.82,270.67
6471-1,16/11/2,Liz Carlisle,"797 Botany Rd,Rosebery",Sydney,NSW,Corporate,Phoebe Gour,Critical,Adesso Programmable 142-Key Keyboard,Technology,Small Box,Regular Air,2016-11-03,39.64,152.48,44,6709.12,3,201.27,6709.09,6.50,6715.59
5134-1,13/6/16,Liz MacKendrick,"224A Gertrude St,Fitzroy",Melbourne,VIC,Corporate,Connor Betts,Low,UGen Ultra Professional Cordless Optical Suite,Technology,Small Box,Regular Air,2013-06-16,156.50,300.97,1,300.97,6,18.06,300.91,7.18,308.09
5932-1,15/6/10,Liz MacKendrick,"224A Gertrude St,Fitzroy",Melbourne,VIC,Corporate,Connor Betts,Low,Smiths Standard Envelopes,Office Supplies,Small Box,Regular Air,2015-06-14,3.52,5.68,8,45.44,5,2.27,45.39,1.39,46.78
5079-1,13/5/9,Liz Pelletier,"79 Elliott St,Balmain",Sydney,NSW,Home Office,Aanya Zhang,Critical,1726 Digital Answering Machine,Technology,Medium Box,Express Air,2013-05-10,8.82,20.99,8,167.92,9,15.11,167.83,4.81,172.64
5236-1,13/9/9,Liz Price,"Sydney Fish Market, Bank Street, Sydney",Sydney,NSW,Corporate,Phoebe Gour,Not Specified,Artisan 481 Labels,Office Supplies,Small Box,Regular Air,2013-09-10,1.94,3.08,24,73.92,4,2.96,73.88,0.99,74.87
5305-1,13/11/15,Liz Price,"Sydney Fish Market, Bank Street, Sydney",Sydney,NSW,Consumer,Phoebe Gour,Not Specified,Xit Blank Computer Paper,Office Supplies,Small Box,Regular Air,2013-11-17,12.39,19.98,47,939.06,4,37.56,939.02,5.77,944.79
5643-1,14/10/4,Liz Price,"Sydney Fish Market, Bank Street, Sydney",Sydney,NSW,Consumer,Phoebe Gour,Low,Artisan Non-Stick Binders,Office Supplies,Small Box,Express Air,2014-10-11,2.74,4.49,44,197.56,3,5.93,197.53,1.49,199.02
5209-1,13/8/11,Liz Willingham,"60 Commercial Rd,Prahran",Melbourne,VIC,Corporate,Yvette Biti,Low,Binder Clips by OIC,Office Supplies,Wrap Bag,Regular Air,2013-08-13,0.93,1.48,19,28.12,9,2.53,28.03,0.70,28.73
5478-1,14/5/3,Liz Willingham,"60 Commercial Rd,Prahran",Melbourne,VIC,Home Office,Yvette Biti,Low,Steady Liquid Accent Tank-Style Highlighters,Office Supplies,Wrap Bag,Regular Air,2014-05-07,1.31,2.84,48,136.32,10,13.63,136.22,0.93,137.15
5402-1,14/2/7,Logan Haushalter,"222 Barkly St,St Kilda",Melbourne,VIC,Corporate,Yvette Biti,Low,HFX LaserJet 3310 Copier,Technology,Large Box,Regular Air,2014-02-16,377.99,599.99,48,28799.52,8,2303.96,28799.44,24.49,28823.93
5402-2,14/2/7,Logan Haushalter,"222 Barkly St,St Kilda",Melbourne,VIC,Corporate,Yvette Biti,Low,Unpadded Memo Slips,Office Supplies,Wrap Bag,Express Air,2014-02-12,2.59,3.98,11,43.78,10,4.38,43.68,2.97,46.65
6461-1,16/10/28,Logan Haushalter,"222 Barkly St,St Kilda",Melbourne,VIC,Corporate,Yvette Biti,Critical,Self-Adhesive Removable Labels,Office Supplies,Small Box,Regular Air,2016-10-30,1.98,3.15,24,75.60,2,1.51,75.58,0.49,76.07
6484-1,16/11/9,Luke Foster,"2-4 College Street, Darlinghurst",Sydney,NSW,Corporate,Nicholas Fernandes,High,Office Shears by Apex,Office Supplies,Small Pack,Regular Air,2016-11-11,0.94,2.08,39,81.12,4,3.24,81.08,2.56,83.64
5108-1,13/5/27,Luke Schmidt,"73 York St,Sydney",Sydney,NSW,Home Office,Tina Carlton,Medium,UGen Ultra Professional Cordless Optical Suite,Technology,Small Box,Regular Air,2013-05-28,156.50,300.97,14,4213.58,10,421.36,4213.48,7.18,4220.66
5531-1,14/6/22,Luke Weiss,"88 Oxford St,Woollahra",Sydney,NSW,Corporate,Charlie Bui,Not Specified,"3Max Polarizing Task Lamp with Clamp Arm, Light Gray",Furniture,Large Box,Express Air,2014-06-24,56.16,136.98,17,2328.66,0,0.00,2328.66,24.49,2353.15
6063-1,15/9/10,Luke Weiss,"88 Oxford St,Woollahra",Sydney,NSW,Corporate,Charlie Bui,Critical,Colored Envelopes,Office Supplies,Small Box,Express Air,2015-09-11,2.25,3.69,23,84.87,2,1.70,84.85,2.50,87.35
6561-1,17/1/19,Luke Weiss,"88 Oxford St,Woollahra",Sydney,NSW,Corporate,Charlie Bui,Not Specified,1726 Digital Answering Machine,Technology,Medium Box,Regular Air,2017-01-21,8.82,20.99,29,608.71,3,18.26,608.68,4.81,613.49
6002-1,15/7/30,Lycoris Saunders,"501 George St,Sydney",Sydney,NSW,Home Office,Samantha Chairs,High,Artisan 487 Labels,Office Supplies,Small Box,Express Air,2015-07-31,2.29,3.69,48,177.12,10,17.71,177.02,0.50,177.52
6041-1,15/8/27,Lycoris Saunders,"501 George St,Sydney",Sydney,NSW,Corporate,Samantha Chairs,High,Apex Straight Scissors,Office Supplies,Small Pack,Express Air,2015-08-28,5.19,12.98,42,545.16,5,27.26,545.11,3.14,548.25
6124-1,15/11/20,Lycoris Saunders,"501 George St,Sydney",Sydney,NSW,Home Office,Samantha Chairs,High,Artisan 481 Labels,Office Supplies,Small Box,Regular Air,2015-11-22,1.94,3.08,11,33.88,9,3.05,33.79,0.99,34.78
5070-1,13/5/4,Lynn Smith,"61A Bay Road,Wollstonecraft",Sydney,NSW,Corporate,Samantha Chairs,Critical,Steady Liquid Accent Highlighters,Office Supplies,Wrap Bag,Regular Air,2013-05-06,3.47,6.68,41,273.88,8,21.91,273.80,1.50,275.30
5917-1,15/5/28,Lynn Smith,"61A Bay Road,Wollstonecraft",Sydney,NSW,Corporate,Samantha Chairs,Not Specified,12 Colored Short Pencils,Office Supplies,Wrap Bag,Express Air,2015-05-29,1.09,2.60,42,109.20,5,5.46,109.15,2.40,111.55
5983-1,15/7/23,Magdelene Morse,"53 Riley Street,Woolloomooloo",Sydney,NSW,Home Office,Tina Carlton,Low,Adesso Programmable 142-Key Keyboard,Technology,Small Box,Regular Air,2015-07-30,32.02,152.48,14,2134.72,3,64.04,2134.69,4.00,2138.69
6225-1,16/3/12,Magdelene Morse,"53 Riley Street,Woolloomooloo",Sydney,NSW,Home Office,Tina Carlton,Medium,Smiths Pushpins,Office Supplies,Wrap Bag,Regular Air,2016-03-12,0.94,1.88,36,67.68,4,2.71,67.64,0.79,68.43
5713-1,14/12/10,Marc Crier,"Westfield Sydney,Sydney",Sydney,NSW,Corporate,Natasha Song,Low,"Laser Neon Mac Format Diskettes, 10/Pack",Technology,Small Pack,Regular Air,2014-12-12,1.87,8.12,11,89.32,6,5.36,89.26,2.83,92.09
6079-1,15/9/28,Maria Bertelson,"188 Pitt Street,Sydney",Sydney,NSW,Home Office,Tina Carlton,Not Specified,Steady Major Accent Highlighters,Office Supplies,Wrap Bag,Regular Air,2015-09-30,3.75,7.08,37,261.96,8,20.96,261.88,2.35,264.23
6170-1,16/1/17,Maria Bertelson,"188 Pitt Street,Sydney",Sydney,NSW,Home Office,Tina Carlton,Medium,Smiths SlimLine Pencil Sharpener,Office Supplies,Small Pack,Regular Air,2016-01-19,4.79,11.97,28,335.16,3,10.05,335.13,5.81,340.94
5569-1,14/7/28,Maria Zettner,"531 King St,Newtown",Sydney,NSW,Corporate,Mihael Khan,Medium,1726 Digital Answering Machine,Technology,Medium Box,Regular Air,2014-07-30,8.82,20.99,9,188.91,8,15.11,188.83,4.81,193.64
6379-1,16/8/23,Maria Zettner,"531 King St,Newtown",Sydney,NSW,Corporate,Mihael Khan,Not Specified,PastelOcean Color Pencil Set,Office Supplies,Wrap Bag,Regular Air,2016-08-25,11.11,19.84,22,436.48,6,26.19,436.42,4.10,440.52
5253-1,13/9/26,Maribeth Dona,"8 Rankins Lane ,Melbourne",Melbourne,VIC,Home Office,Connor Betts,High,"Multi-Use Personal File Cart and Caster Set, Three Stacking Bins",Office Supplies,Small Box,Regular Air,2013-09-28,14.95,34.76,15,521.40,9,46.93,521.31,8.22,529.53
6354-1,16/7/16,Maribeth Dona,"8 Rankins Lane ,Melbourne",Melbourne,VIC,Home Office,Connor Betts,High,Adesso Programmable 142-Key Keyboard,Technology,Small Box,Regular Air,2016-07-18,32.02,152.48,2,304.96,3,9.15,304.93,4.00,308.93
5597-1,14/8/27,Maribeth Yedwab,"240-242 Johnston Street,Fitzroy",Melbourne,VIC,Home Office,Connor Betts,Not Specified,Smiths Metal Binder Clips,Office Supplies,Wrap Bag,Express Air,2014-08-28,1.60,2.62,45,117.90,1,1.18,117.89,0.80,118.69
6584-1,17/2/7,Maribeth Yedwab,"240-242 Johnston Street,Fitzroy",Melbourne,VIC,Home Office,Connor Betts,Low,Beekin 105-Key Black Keyboard,Technology,Small Box,Regular Air,2017-02-07,6.39,19.98,31,619.38,0,0.00,619.38,4.00,623.38
5244-1,13/9/17,Marina Lichtenstein,"188 Pitt Street,Sydney",Sydney,NSW,Corporate,Tina Carlton,High,Binder Posts,Office Supplies,Small Box,Regular Air,2013-09-19,3.50,5.74,3,17.22,8,1.38,17.14,5.01,22.15
5572-1,14/7/30,Mark Packer,"Sydney Fish Market, Bank Street, Sydney",Sydney,NSW,Small Business,Phoebe Gour,High,"Artisan Flip-Chart Easel Binder, Black",Office Supplies,Small Box,Regular Air,2014-08-01,13.88,22.38,34,760.92,1,7.61,760.91,15.10,776.01
5384-1,14/1/23,Mark Van Huff,"1 John Street,Waterloo",Sydney,NSW,Home Office,Charlie Bui,Not Specified,Binder Clips by OIC,Office Supplies,Wrap Bag,Regular Air,2014-01-25,0.93,1.48,27,39.96,0,0.00,39.96,0.70,40.66
6232-1,16/3/18,MaryBeth Skach,"499-501 Lygon Street,Carlton North",Melbourne,VIC,Home Office,Yvette Biti,High,Steady Major Accent Highlighters,Office Supplies,Wrap Bag,Regular Air,2016-03-18,3.75,7.08,16,113.28,2,2.27,113.26,2.35,115.61
5398-1,14/2/3,Mathew Reese,"27 Greenfield Parade,Bankstown",Sydney,NSW,Small Business,Nicholas Fernandes,Critical,UGen Ultra Cordless Optical Suite,Technology,Small Box,Regular Air,2014-02-04,54.52,100.97,15,1514.55,8,121.16,1514.47,7.18,1521.65
6159-1,15/12/31,Matt Collister,"99 Glebe Point Rd,Glebe",Sydney,NSW,Home Office,Natasha Song,High,"Angle-D Binders with Locking Rings, Label Holders",Office Supplies,Small Box,Regular Air,2016-01-01,4.53,7.30,38,277.40,5,13.87,277.35,7.72,285.07
6159-2,15/12/31,Matt Collister,"99 Glebe Point Rd,Glebe",Sydney,NSW,Home Office,Natasha Song,Medium,Artisan 487 Labels,Office Supplies,Small Box,Regular Air,2016-01-01,2.29,3.69,41,151.29,1,1.51,151.28,0.50,151.78
6159-2,15/12/31,Matt Collister,"99 Glebe Point Rd,Glebe",Sydney,NSW,Home Office,Natasha Song,High,DrawIt Colored Pencils,Office Supplies,Wrap Bag,Express Air,2016-01-01,4.37,9.11,21,191.31,3,5.74,191.28,2.25,193.53
5438-1,14/3/12,Matt Collister,"99 Glebe Point Rd,Glebe",Sydney,NSW,Home Office,Natasha Song,High,TechSavi Cordless Elite Duo,Technology,Small Box,Express Air,2014-03-13,60.59,100.98,5,504.90,2,10.10,504.88,7.18,512.06
6499-1,16/11/23,Matt Connell,"470 Anzac Parade,Kingsford",Sydney,NSW,Corporate,Tina Carlton,Critical,Steady Major Accent Highlighters,Office Supplies,Wrap Bag,Regular Air,2016-11-25,3.75,7.08,29,205.32,7,14.37,205.25,2.35,207.60
6342-1,16/6/30,Matthew Clasen,"Macquarie Centre Cnr Herring Road & Waterloo Road,Macquarie Park",Sydney,NSW,Consumer,Nicholas Fernandes,Low,"Artisan Flip-Chart Easel Binder, Black",Office Supplies,Small Box,Regular Air,2016-07-02,13.88,22.38,9,201.42,3,6.04,201.39,15.10,216.49
6409-1,16/9/20,Matthew Clasen,"Macquarie Centre Cnr Herring Road & Waterloo Road,Macquarie Park",Sydney,NSW,Consumer,Nicholas Fernandes,Low,"Wirebound Message Book, 4 per Page",Office Supplies,Wrap Bag,Regular Air,2016-09-20,3.48,5.43,12,65.16,1,0.65,65.15,0.95,66.10
5722-1,14/12/27,Matthew Grinstein,"105 Pitt St,Sydney",Sydney,NSW,Small Business,Charlie Bui,Critical,Artisan 479 Labels,Office Supplies,Small Box,Express Air,2014-12-28,1.59,2.61,37,96.57,9,8.69,96.48,0.50,96.98
5968-1,15/7/11,Matthew Grinstein,"105 Pitt St,Sydney",Sydney,NSW,Small Business,Charlie Bui,Medium,Smiths Pushpins,Office Supplies,Wrap Bag,Regular Air,2015-07-13,0.94,1.88,22,41.36,7,2.90,41.29,0.79,42.08
6506-1,16/11/28,Matthew Grinstein,"105 Pitt St,Sydney",Sydney,NSW,Small Business,Charlie Bui,Critical,Artisan 481 Labels,Office Supplies,Small Box,Regular Air,2016-11-29,1.94,3.08,18,55.44,2,1.11,55.42,0.99,56.41
6365-1,16/8/7,Maureen Gastineau,"10 O'Connell St,Sydney",Sydney,NSW,Consumer,Aanya Zhang,Not Specified,Airmail Envelopes,Office Supplies,Small Box,Regular Air,2016-08-08,52.04,83.93,37,3105.41,3,93.16,3105.38,19.99,3125.37
5699-1,14/11/26,Maurice Satty,"188 Pitt Street,Sydney",Sydney,NSW,Corporate,Tina Carlton,High,TechSavi Access Keyboard,Technology,Small Box,Regular Air,2014-11-28,8.31,15.98,5,79.90,8,6.39,79.82,6.50,86.32
5911-1,15/5/24,Maurice Satty,"188 Pitt Street,Sydney",Sydney,NSW,Corporate,Tina Carlton,Medium,"Steady EarthWrite Recycled Pencils, Medium Soft, #2",Office Supplies,Wrap Bag,Regular Air,2015-05-25,0.90,2.10,17,35.70,9,3.21,35.61,0.70,36.31
5955-1,15/6/28,Max Engle,"501 George St,Sydney",Sydney,NSW,Corporate,Samantha Chairs,Not Specified,TechSavi Internet Navigator Keyboard,Technology,Small Box,Regular Air,2015-06-29,6.51,30.98,6,185.88,1,1.86,185.87,6.50,192.37
5741-1,15/1/10,Max Jones,"240-242 Johnston Street,Fitzroy",Melbourne,VIC,Home Office,Connor Betts,Medium,"Artisan Flip-Chart Easel Binder, Black",Office Supplies,Small Box,Regular Air,2015-01-12,13.88,22.38,50,1119.00,7,78.33,1118.93,15.10,1134.03
5752-1,15/1/13,Max Jones,"240-242 Johnston Street,Fitzroy",Melbourne,VIC,Home Office,Connor Betts,Not Specified,"Steady EarthWrite Recycled Pencils, Medium Soft, #2",Office Supplies,Wrap Bag,Regular Air,2015-01-15,0.90,2.10,34,71.40,2,1.43,71.38,0.70,72.08
5235-1,13/9/4,Max Ludwig,"6-8 O'Connell Street,Newtown",Sydney,NSW,Corporate,Nicholas Fernandes,Low,Artisan 48 Labels,Office Supplies,Small Box,Regular Air,2013-09-09,3.84,6.30,39,245.70,10,24.57,245.60,0.50,246.10
6044-1,15/8/30,Maxwell Schwartz,"3 Orwell St,Potts Point",Sydney,NSW,Corporate,Leighton Forrest,Medium,600 Series Flip,Technology,Small Box,Regular Air,2015-09-01,41.28,95.99,26,2495.74,2,49.91,2495.72,8.99,2504.71
5324-1,13/11/29,Maya Herman,"273 George Street,Sydney",Sydney,NSW,Corporate,Leighton Forrest,High,Emerson C82 Color Inkjet Printer,Technology,Jumbo Drum,Delivery Truck,2013-12-01,76.79,119.99,8,959.92,9,86.39,959.83,14.00,973.83
5754-1,15/1/14,Maya Herman,"273 George Street,Sydney",Sydney,NSW,Corporate,Leighton Forrest,Critical,"Artisan Flip-Chart Easel Binder, Black",Office Supplies,Small Box,Regular Air,2015-01-15,13.88,22.38,39,872.82,7,61.10,872.75,15.10,887.85
6055-1,15/9/4,Meg Tillman,"531 King St,Newtown",Sydney,NSW,Small Business,Mihael Khan,Medium,Artisan 48 Labels,Office Supplies,Small Box,Regular Air,2015-09-07,3.84,6.30,40,252.00,4,10.08,251.96,0.50,252.46
5504-1,14/5/29,Melanie Page,"541 Church St,Richmond",Melbourne,VIC,Corporate,Yvette Biti,Medium,Smiths SlimLine Pencil Sharpener,Office Supplies,Small Pack,Regular Air,2014-05-29,4.79,11.97,46,550.62,7,38.54,550.55,5.81,556.36
5928-1,15/6/8,Michael Chen,"Shop 3/144 Waterloo Road,Greenacre",Sydney,NSW,Consumer,Samantha Chairs,Critical,300 Series Non-Flip,Technology,Small Box,Regular Air,2015-06-10,62.40,155.99,21,3275.79,8,262.06,3275.71,8.08,3283.79
5039-1,13/3/15,Michael Grace,"402 Argyle St,Moss Vale",Sydney,NSW,Corporate,Natasha Song,Medium,"Alto Parchment Paper, Assorted Colors",Office Supplies,Small Box,Regular Air,2013-03-16,4.59,7.28,22,160.16,1,1.60,160.15,11.15,171.30
5254-1,13/9/27,Michael Grace,"402 Argyle St,Moss Vale",Sydney,NSW,Corporate,Natasha Song,Low,Desktop 3-Pocket Hot File,Office Supplies,Small Box,Regular Air,2013-10-02,22.18,54.10,19,1027.90,10,102.79,1027.80,19.99,1047.79
5241-1,13/9/12,Michael Granlund,"359 Crown Street,Surry Hills",Sydney,NSW,Corporate,Phoebe Gour,Medium,TechSavi Cordless Navigator Duo,Technology,Small Box,Regular Air,2013-09-14,42.11,80.98,34,2753.32,7,192.73,2753.25,7.18,2760.43
6234-1,16/3/20,Michael Kennedy,"3 Orwell St,Potts Point",Sydney,NSW,Corporate,Leighton Forrest,Not Specified,Wirebound Voice Message Log Book,Office Supplies,Wrap Bag,Regular Air,2016-03-22,2.90,4.76,23,109.48,5,5.47,109.43,0.88,110.31
5393-1,14/1/29,Michael Nguyen,"48 Albion St,Surry Hills",Sydney,NSW,Small Business,Natasha Song,High,TypeRight Side-Opening Peel & Seel Expanding Envelopes,Office Supplies,Small Box,Regular Air,2014-02-01,54.29,90.48,27,2442.96,0,0.00,2442.96,19.99,2462.95
5997-1,15/7/27,Michael Oakman,"8 Rankins Lane ,Melbourne",Melbourne,VIC,Small Business,Connor Betts,Low,Binder Clips by OIC,Office Supplies,Wrap Bag,Express Air,2015-07-31,0.93,1.48,37,54.76,4,2.19,54.72,0.70,55.42
5997-2,15/7/27,Michael Oakman,"8 Rankins Lane ,Melbourne",Melbourne,VIC,Small Business,Connor Betts,Low,PastelOcean Color Pencil Set,Office Supplies,Wrap Bag,Regular Air,2015-08-01,11.11,19.84,28,555.52,8,44.44,555.44,4.10,559.54
5732-1,15/1/1,Michael Oakman,"8 Rankins Lane ,Melbourne",Melbourne,VIC,Small Business,Connor Betts,Not Specified,Apex Design Stainless Steel Bent Scissors,Office Supplies,Small Pack,Regular Air,2015-01-03,2.87,6.84,35,239.40,1,2.39,239.39,4.42,243.81
6081-1,15/9/29,Michael Oakman,"8 Rankins Lane ,Melbourne",Melbourne,VIC,Small Business,Connor Betts,Medium,Binder Posts,Office Supplies,Small Box,Express Air,2015-09-30,3.50,5.74,26,149.24,3,4.48,149.21,5.01,154.22
6116-1,15/11/12,Michael Oakman,"8 Rankins Lane ,Melbourne",Melbourne,VIC,Small Business,Connor Betts,Not Specified,Apex Box Cutter Scissors,Office Supplies,Small Pack,Regular Air,2015-11-14,4.19,10.23,46,470.58,8,37.65,470.50,4.68,475.18
5446-1,14/3/19,Michael Paige,"506 Swan Street,Richmond",Melbourne,VIC,Small Business,Connor Betts,Critical,Artisan Poly Binder Pockets,Office Supplies,Small Box,Regular Air,2014-03-21,2.26,3.58,39,139.62,0,0.00,139.62,5.47,145.09
5845-1,15/4/4,Michael Paige,"506 Swan Street,Richmond",Melbourne,VIC,Small Business,Connor Betts,High,Unpadded Memo Slips,Office Supplies,Wrap Bag,Regular Air,2015-04-05,2.59,3.98,2,7.96,4,0.32,7.92,2.97,10.89
6495-1,16/11/17,Michael Paige,"506 Swan Street,Richmond",Melbourne,VIC,Small Business,Connor Betts,High,Artisan Legal 4-Ring Binder,Office Supplies,Small Box,Regular Air,2016-11-19,13.64,20.98,42,881.16,10,88.12,881.06,1.49,882.55
6361-1,16/8/3,Michael Stewart,"523 King St,Newtown",Sydney,NSW,Small Business,Aanya Zhang,Not Specified,Smiths SlimLine Pencil Sharpener,Office Supplies,Small Pack,Regular Air,2016-08-04,4.79,11.97,49,586.53,9,52.79,586.44,5.81,592.25
6367-1,16/8/8,Michelle Arnett,"1-2/299 Sussex St,Sydney",Sydney,NSW,Home Office,Aanya Zhang,High,Artisan Binder Labels,Office Supplies,Small Box,Regular Air,2016-08-09,2.45,3.89,18,70.02,4,2.80,69.98,7.01,76.99
5956-1,15/6/29,Michelle Huthwaite,"155 Oxford Street,Darlinghurst",Sydney,NSW,Home Office,Samantha Chairs,Low,Artisan 474 Labels,Office Supplies,Small Box,Regular Air,2015-07-03,1.84,2.88,49,141.12,1,1.41,141.11,0.99,142.10
6356-1,16/7/27,Michelle Huthwaite,"155 Oxford Street,Darlinghurst",Sydney,NSW,Home Office,Samantha Chairs,Critical,HFX 610 Color Digital Copier / Printer,Technology,Large Box,Regular Air,2016-07-29,269.99,449.99,3,1349.97,6,81.00,1349.91,24.49,1374.40
5886-1,15/5/6,Michelle Lonsdale,"180 High Street,Windsor",Melbourne,VIC,Home Office,Connor Betts,Low,"Artisan Flip-Chart Easel Binder, Black",Office Supplies,Small Box,Regular Air,2015-05-08,13.88,22.38,45,1007.10,5,50.36,1007.05,15.10,1022.15
5485-1,14/5/8,Michelle Moray,"310 Wattle St,Ultimo",Sydney,NSW,Corporate,Aanya Zhang,Low,Economy Binders,Office Supplies,Small Box,Regular Air,2014-05-12,1.33,2.08,40,83.20,0,0.00,83.20,1.49,84.69
5797-1,15/2/12,Michelle Moray,"310 Wattle St,Ultimo",Sydney,NSW,Corporate,Aanya Zhang,Low,Apex Straight Scissors,Office Supplies,Small Pack,Regular Air,2015-02-12,5.19,12.98,50,649.00,8,51.92,648.92,3.14,652.06
6287-1,16/5/8,Michelle Moray,"310 Wattle St,Ultimo",Sydney,NSW,Corporate,Aanya Zhang,Low,Fluorescent Highlighters by DrawIt,Office Supplies,Wrap Bag,Regular Air,2016-05-12,1.95,3.98,27,107.46,6,6.45,107.40,0.83,108.23
5476-1,14/5/2,Michelle Tran,"85-113 Dunning Ave,Roseberry",Sydney,NSW,Corporate,Mihael Khan,Not Specified,Alto Perma 3000 Stacking Storage Drawers,Office Supplies,Small Box,Express Air,2014-05-03,7.13,20.98,14,293.72,10,29.37,293.62,5.42,299.04
5045-1,13/3/26,Mick Brown,"523 King St,Newtown",Sydney,NSW,Consumer,Aanya Zhang,Not Specified,UGen RF Keyboard,Technology,Small Box,Regular Air,2013-03-28,81.59,159.99,30,4799.70,1,48.00,4799.69,5.50,4805.19
5248-1,13/9/22,Mick Crebagga,"53-55 Liverpool St,Sydney",Sydney,NSW,Home Office,Tina Carlton,Critical,Office Shears by Apex,Office Supplies,Small Pack,Regular Air,2013-09-24,0.94,2.08,43,89.44,5,4.47,89.39,2.56,91.95
5547-1,14/7/4,Mike Gockenbach,"180 High Street,Windsor",Melbourne,VIC,Consumer,Connor Betts,High,Alto Memo Cubes,Office Supplies,Wrap Bag,Regular Air,2014-07-06,3.32,5.18,43,222.74,3,6.68,222.71,2.04,224.75
5671-1,14/10/27,Mike Gockenbach,"180 High Street,Windsor",Melbourne,VIC,Consumer,Connor Betts,Low,Artisan Hi-Liter Pen Style Six-Color Fluorescent Set,Office Supplies,Wrap Bag,Regular Air,2014-10-31,2.16,3.85,10,38.50,6,2.31,38.44,0.70,39.14
5913-1,15/5/24,Mike Gockenbach,"180 High Street,Windsor",Melbourne,VIC,Consumer,Connor Betts,Low,Steady Major Accent Highlighters,Office Supplies,Wrap Bag,Regular Air,2015-05-28,3.75,7.08,49,346.92,0,0.00,346.92,2.35,349.27
5461-1,14/4/7,Mike Kennedy,"99 Lygon Street,East Brunswick",Melbourne,VIC,Corporate,Connor Betts,Critical,Bagged Rubber Bands,Office Supplies,Wrap Bag,Regular Air,2014-04-07,0.24,1.26,35,44.10,9,3.97,44.01,0.70,44.71
5715-1,14/12/13,Mike Kennedy,"99 Lygon Street,East Brunswick",Melbourne,VIC,Corporate,Connor Betts,High,"Alto Parchment Paper, Assorted Colors",Office Supplies,Small Box,Regular Air,2014-12-15,4.59,7.28,36,262.08,5,13.10,262.03,11.15,273.18
5842-1,15/3/30,Mike Kennedy,"99 Lygon Street,East Brunswick",Melbourne,VIC,Small Business,Connor Betts,Medium,UGen Ultra Cordless Optical Suite,Technology,Small Box,Regular Air,2015-04-01,54.52,100.97,13,1312.61,6,78.76,1312.55,7.18,1319.73
5906-1,15/5/20,Mike Kennedy,"99 Lygon Street,East Brunswick",Melbourne,VIC,Corporate,Connor Betts,High,Artisan Durable Binders,Office Supplies,Small Box,Regular Air,2015-05-23,1.84,2.88,26,74.88,8,5.99,74.80,1.49,76.29
5974-1,15/7/16,Mike Kennedy,"99 Lygon Street,East Brunswick",Melbourne,VIC,Corporate,Connor Betts,Low,Colored Push Pins,Office Supplies,Wrap Bag,Regular Air,2015-07-20,0.92,1.81,48,86.88,2,1.74,86.86,1.56,88.42
6418-1,16/9/26,Mike Kennedy,"99 Lygon Street,East Brunswick",Melbourne,VIC,Corporate,Connor Betts,Low,Smiths Colored Bar Computer Paper,Office Supplies,Small Box,Regular Air,2016-10-05,21.97,35.44,44,1559.36,1,15.59,1559.35,4.92,1564.27
5119-1,13/6/4,Mike Vittorini,"211/25-29 Dixon St,Haymarket",Sydney,NSW,Small Business,Preston Senome,Not Specified,Artisan Hi-Liter Fluorescent Desk Style Markers,Office Supplies,Wrap Bag,Regular Air,2013-06-06,1.76,3.38,34,114.92,7,8.04,114.85,0.85,115.70
5152-1,13/6/30,Mitch Gastineau,"85-113 Dunning Ave,Rosebery",Sydney,NSW,Small Business,Mihael Khan,Low,Beekin 105-Key Black Keyboard,Technology,Small Box,Regular Air,2013-07-04,6.39,19.98,19,379.62,8,30.37,379.54,4.00,383.54
6109-1,15/11/6,Mitch Gastineau,"85-113 Dunning Ave,Rosebery",Sydney,NSW,Small Business,Mihael Khan,Low,TypeRight Side-Opening Peel & Seel Expanding Envelopes,Office Supplies,Small Box,Regular Air,2015-11-13,54.29,90.48,49,4433.52,5,221.68,4433.47,19.99,4453.46
5158-1,13/7/3,Mitch Webber,"Hoyts Entertainment Quarter 122 Lang Road,Moore Park",Sydney,NSW,Corporate,Tina Carlton,Not Specified,"TypeRight  Top-Opening Peel & Seel Envelopes, Plain White",Office Supplies,Small Box,Regular Air,2013-07-05,16.85,27.18,34,924.12,10,92.41,924.02,8.23,932.25
6068-1,15/9/16,Mitch Webber,"Hoyts Entertainment Quarter 122 Lang Road,Moore Park",Sydney,NSW,Corporate,Tina Carlton,Low,Apex Office Executive Series Stainless Steel Trimmers,Office Supplies,Small Pack,Express Air,2015-09-21,3.51,8.57,49,419.93,1,4.20,419.92,6.14,426.06
5546-1,14/6/30,Monica Federle,"834 Bourke St,Waterloo",Sydney,NSW,Corporate,Charlie Bui,Medium,Alto Perma 2700 Stacking Storage Drawers,Office Supplies,Small Box,Regular Air,2014-07-03,8.92,29.74,4,118.96,5,5.95,118.91,6.64,125.55
6228-1,16/3/17,Monica Federle,"834 Bourke St,Waterloo",Sydney,NSW,Corporate,Charlie Bui,Critical,Bagged Rubber Bands,Office Supplies,Wrap Bag,Regular Air,2016-03-20,0.24,1.26,47,59.22,7,4.15,59.15,0.70,59.85
6530-1,16/12/15,Monica Federle,"834 Bourke St,Waterloo",Sydney,NSW,Corporate,Charlie Bui,Low,Aluminum Document Frame,Furniture,Small Pack,Express Air,2016-12-24,5.50,12.22,17,207.74,1,2.08,207.73,2.85,210.58
5897-1,15/5/17,Muhammed MacIntyre,"106 Ebley Street,Bondi Junction",Sydney,NSW,Small Business,Leighton Forrest,High,"Smiths Pen Style Liquid Stix; Assorted (yellow, pink, green, blue, orange), 5/Pack",Office Supplies,Wrap Bag,Regular Air,2015-05-18,3.88,6.47,7,45.29,2,0.91,45.27,1.22,46.49
5020-1,13/2/14,Muhammed Yedwab,"18 Whistler St,Sydney",Sydney,NSW,Consumer,Nicholas Fernandes,Critical,"Steady EarthWrite Recycled Pencils, Medium Soft, #2",Office Supplies,Wrap Bag,Regular Air,2013-02-15,0.90,2.10,17,35.70,3,1.07,35.67,0.70,36.37
6548-1,17/1/4,Muhammed Yedwab,"18 Whistler St,Sydney",Sydney,NSW,Consumer,Nicholas Fernandes,Not Specified,Artisan 474 Labels,Office Supplies,Small Box,Regular Air,2017-01-05,1.84,2.88,26,74.88,1,0.75,74.87,0.99,75.86
5226-1,13/8/29,Nancy Lomonaco,"523 King St,Newtown",Sydney,NSW,Home Office,Aanya Zhang,Low,TechSavi Cordless Elite Duo,Technology,Small Box,Regular Air,2013-09-03,60.59,100.98,12,1211.76,4,48.47,1211.72,7.18,1218.90
5227-1,13/8/30,Nancy Lomonaco,"523 King St,Newtown",Sydney,NSW,Home Office,Aanya Zhang,Medium,Artisan Binder Labels,Office Supplies,Small Box,Express Air,2013-09-01,2.45,3.89,32,124.48,9,11.20,124.39,7.01,131.40
6058-1,15/9/7,Naresj Patel,"106 Ebley Street,Bondi Junction",Sydney,NSW,Small Business,Leighton Forrest,High,Smiths SlimLine Pencil Sharpener,Office Supplies,Small Pack,Regular Air,2015-09-09,4.79,11.97,48,574.56,2,11.49,574.54,5.81,580.35
6070-1,15/9/17,Naresj Patel,"106 Ebley Street,Bondi Junction",Sydney,NSW,Small Business,Leighton Forrest,Not Specified,Smiths Gold Paper Clips,Office Supplies,Wrap Bag,Regular Air,2015-09-17,1.82,2.98,3,8.94,4,0.36,8.90,1.58,10.48
6433-1,16/10/13,Naresj Patel,"106 Ebley Street,Bondi Junction",Sydney,NSW,Corporate,Leighton Forrest,Low,"TypeRight  Top-Opening Peel & Seel Envelopes, Plain White",Office Supplies,Small Box,Regular Air,2016-10-18,16.85,27.18,38,1032.84,1,10.33,1032.83,8.23,1041.06
5064-1,13/5/2,Nat Carroll,"499-501 Lygon Street,Carlton North",Melbourne,VIC,Home Office,Yvette Biti,Not Specified,Artisan Premier Heavy-Duty Binder with Round Locking Rings,Office Supplies,Small Box,Regular Air,2013-05-03,8.71,14.28,42,599.76,10,59.98,599.66,2.99,602.65
5093-1,13/5/19,Nat Carroll,"499-501 Lygon Street,Carlton North",Melbourne,VIC,Home Office,Yvette Biti,Not Specified,Steady Major Accent Highlighters,Office Supplies,Wrap Bag,Regular Air,2013-05-20,3.75,7.08,29,205.32,4,8.21,205.28,2.35,207.63
5375-1,14/1/14,Nat Gilpin,"274 Canley Vale Rd,Canley Heights",Sydney,NSW,Consumer,Leighton Forrest,Not Specified,3Max Organizer Strips,Office Supplies,Small Box,Express Air,2014-01-16,3.40,5.40,14,75.60,9,6.80,75.51,7.78,83.29
5034-1,13/2/26,Natalie Webber,"98-104 Parramatta Rd,Camperdown",Sydney,NSW,Corporate,Phoebe Gour,High,Artisan Arch Ring Binders,Office Supplies,Small Box,Regular Air,2013-02-26,36.02,58.10,50,2905.00,5,145.25,2904.95,1.49,2906.44
5827-1,15/3/17,Natalie Webber,"98-104 Parramatta Rd,Camperdown",Sydney,NSW,Consumer,Phoebe Gour,Critical,"DrawIt Colored Pencils, 48-Color Set",Office Supplies,Wrap Bag,Regular Air,2015-03-19,21.56,36.55,2,73.10,3,2.19,73.07,13.89,86.96
6397-1,16/9/14,Nathan Gelder,"221 Barkly St,St Kilda",Melbourne,VIC,Home Office,Yvette Biti,High,Pizazz Colored Pencils,Office Supplies,Wrap Bag,Regular Air,2016-09-16,1.76,2.94,26,76.44,3,2.29,76.41,0.81,77.22
5625-1,14/9/23,Nathan Mautz,"412 Brunswick St,Fitzroy",Melbourne,VIC,Corporate,Connor Betts,High,DrawIt Colored Pencils,Office Supplies,Wrap Bag,Express Air,2014-09-25,4.37,9.11,48,437.28,6,26.24,437.22,2.25,439.47
5641-1,14/10/3,Nathan Mautz,"412 Brunswick St,Fitzroy",Melbourne,VIC,Corporate,Connor Betts,Not Specified,OIC Thumb-Tacks,Office Supplies,Wrap Bag,Regular Air,2014-10-05,0.71,1.14,4,4.56,0,0.00,4.56,0.70,5.26
5927-1,15/6/1,Nathan Mautz,"412 Brunswick St,Fitzroy",Melbourne,VIC,Corporate,Connor Betts,Low,Apex Box Cutter Scissors,Office Supplies,Small Pack,Regular Air,2015-06-06,4.19,10.23,35,358.05,1,3.58,358.04,4.68,362.72
5224-1,13/8/28,Neil French,"523 King St,Newtown",Sydney,NSW,Consumer,Aanya Zhang,Not Specified,Artisan 481 Labels,Office Supplies,Small Box,Regular Air,2013-08-29,1.94,3.08,45,138.60,4,5.54,138.56,0.99,139.55
5982-1,15/7/20,Neil French,"523 King St,Newtown",Sydney,NSW,Consumer,Aanya Zhang,Critical,Apex Forged Steel Scissors with Black Enamel Handles,Office Supplies,Small Pack,Regular Air,2015-07-23,4.10,9.31,26,242.06,6,14.52,242.00,3.98,245.98
5120-1,13/6/5,Neil Knudson,"4A Lyons St,Strathfield",Sydney,NSW,Home Office,Tina Carlton,Critical,Artisan Arch Ring Binders,Office Supplies,Small Box,Express Air,2013-06-07,36.02,58.10,10,581.00,9,52.29,580.91,1.49,582.40
5263-1,13/10/5,Neil Knudson,"4A Lyons St,Strathfield",Sydney,NSW,Corporate,Tina Carlton,Medium,Economy Binders,Office Supplies,Small Box,Regular Air,2013-10-07,1.33,2.08,16,33.28,4,1.33,33.24,1.49,34.73
6330-1,16/6/15,Neil Knudson,"4A Lyons St,Strathfield",Sydney,NSW,Corporate,Tina Carlton,Not Specified,"Steady EarthWrite Recycled Pencils, Medium Soft, #2",Office Supplies,Wrap Bag,Express Air,2016-06-17,0.90,2.10,31,65.10,8,5.21,65.02,0.70,65.72
6238-1,16/3/26,Nick Crebassa,"2a/285A Crown St,Surry Hills",Sydney,NSW,Corporate,Phoebe Gour,Low,Apex Preferred Stainless Steel Scissors,Office Supplies,Small Pack,Regular Air,2016-03-28,2.50,5.68,45,255.60,1,2.56,255.59,3.60,259.19
5193-1,13/7/29,Nick Zandusky,"224A Gertrude St,Fitzroy",Melbourne,VIC,Small Business,Connor Betts,Not Specified,Artisan 481 Labels,Office Supplies,Small Box,Regular Air,2013-07-30,1.94,3.08,38,117.04,4,4.68,117.00,0.99,117.99
5369-1,14/1/10,Nick Zandusky,"224A Gertrude St,Fitzroy",Melbourne,VIC,Small Business,Connor Betts,Not Specified,"3Max Polarizing Task Lamp with Clamp Arm, Light Gray",Furniture,Large Box,Express Air,2014-01-11,56.16,136.98,18,2465.64,2,49.31,2465.62,24.49,2490.11
5815-1,15/3/3,Nicole Brennan,"310 Wattle St,Ultimo",Sydney,NSW,Home Office,Aanya Zhang,High,Lumi Crayons,Office Supplies,Wrap Bag,Regular Air,2015-03-04,5.22,9.85,41,403.85,5,20.19,403.80,4.82,408.62
6172-1,16/1/18,Nicole Brennan,"310 Wattle St,Ultimo",Sydney,NSW,Home Office,Aanya Zhang,Not Specified,TechSavi Access Keyboard,Technology,Small Box,Regular Air,2016-01-20,8.31,15.98,4,63.92,9,5.75,63.83,6.50,70.33
6358-1,16/7/28,Nicole Brennan,"310 Wattle St,Ultimo",Sydney,NSW,Home Office,Aanya Zhang,Medium,"Artisan Flip-Chart Easel Binder, Black",Office Supplies,Small Box,Regular Air,2016-07-30,13.88,22.38,18,402.84,5,20.14,402.79,15.10,417.89
6447-1,16/10/23,Nicole Brennan,"310 Wattle St,Ultimo",Sydney,NSW,Consumer,Aanya Zhang,Critical,1726 Digital Answering Machine,Technology,Medium Box,Regular Air,2016-10-25,8.82,20.99,17,356.83,0,0.00,356.83,4.81,361.64
5696-1,14/11/23,Nicole Hansen,"184 King Street,Newtown",Sydney,NSW,Small Business,Charlie Bui,Critical,Alto Perma 2700 Stacking Storage Drawers,Office Supplies,Small Box,Express Air,2014-11-26,8.92,29.74,34,1011.16,9,91.00,1011.07,6.64,1017.71
5055-1,13/4/27,Noah Childs,"78 Stanley St,Darlinghurst",Sydney,NSW,Home Office,Phoebe Gour,High,Smiths Premium Bright 1-Part Blank Computer Paper,Office Supplies,Small Box,Express Air,2013-04-28,7.61,12.28,29,356.12,0,0.00,356.12,6.35,362.47
6183-1,16/1/28,Noel Staavos,"85-113 Dunning Ave,Roseberry",Sydney,NSW,Home Office,Mihael Khan,Critical,Unpadded Memo Slips,Office Supplies,Wrap Bag,Regular Air,2016-01-30,2.59,3.98,41,163.18,10,16.32,163.08,2.97,166.05
6025-1,15/8/14,Nona Balk,"120 Hardware St,Melbourne",Melbourne,VIC,Corporate,Connor Betts,Medium,Steady Major Accent Highlighters,Office Supplies,Wrap Bag,Regular Air,2015-08-16,3.75,7.08,48,339.84,3,10.20,339.81,2.35,342.16
5128-1,13/6/10,Nora Paige,"85-113 Dunning Ave,Roseberry",Sydney,NSW,Small Business,Mihael Khan,Medium,EcoTones Memo Sheets,Office Supplies,Wrap Bag,Regular Air,2013-06-12,2.52,4.00,39,156.00,8,12.48,155.92,1.30,157.22
5536-1,14/6/25,Nora Paige,"85-113 Dunning Ave,Roseberry",Sydney,NSW,Small Business,Mihael Khan,Not Specified,Steady 52201 APSCO Electric Pencil Sharpener,Office Supplies,Small Pack,Regular Air,2014-06-25,16.80,40.97,47,1925.59,6,115.54,1925.53,8.99,1934.52
6006-1,15/8/2,Nora Pelletier,"5/250 Old Northern Road,Castle Hill",Sydney,NSW,Home Office,Nicholas Fernandes,Not Specified,Cando PC940 Copier,Technology,Large Box,Regular Air,2015-08-04,216.00,449.99,29,13049.71,0,0.00,13049.71,24.49,13074.20
6029-1,15/8/21,Nora Pelletier,"5/250 Old Northern Road,Castle Hill",Sydney,NSW,Home Office,Nicholas Fernandes,Not Specified,Self-Adhesive Ring Binder Labels,Office Supplies,Small Box,Regular Air,2015-08-23,2.18,3.52,38,133.76,9,12.04,133.67,6.83,140.50
6014-1,15/8/10,Nora Price,"7 Khartoum Rd,Macquarie Park",Sydney,NSW,Small Business,Preston Senome,Not Specified,Alto 3-Hole Punch,Office Supplies,Small Box,Regular Air,2015-08-11,2.76,4.38,24,105.12,2,2.10,105.10,6.21,111.31
6014-2,15/8/10,Nora Price,"7 Khartoum Rd,Macquarie Park",Sydney,NSW,Small Business,Preston Senome,Not Specified,Apex Forged Steel Scissors with Black Enamel Handles,Office Supplies,Small Pack,Regular Air,2015-08-13,4.10,9.31,30,279.30,3,8.38,279.27,3.98,283.25
6403-1,16/9/18,Nora Price,"7 Khartoum Rd,Macquarie Park",Sydney,NSW,Small Business,Preston Senome,Medium,Artisan Printable Repositionable Plastic Tabs,Office Supplies,Small Box,Regular Air,2016-09-20,5.33,8.60,2,17.20,3,0.52,17.17,6.19,23.36
6403-2,16/9/18,Nora Price,"7 Khartoum Rd,Macquarie Park",Sydney,NSW,Small Business,Preston Senome,Medium,Economy Rollaway Files,Office Supplies,Small Box,Regular Air,2016-09-19,67.73,165.20,10,1652.00,8,132.16,1651.92,19.99,1671.91
6114-1,15/11/11,Nora Price,"7 Khartoum Rd,Macquarie Park",Sydney,NSW,Home Office,Preston Senome,High,Artisan 479 Labels,Office Supplies,Small Box,Regular Air,2015-11-13,1.59,2.61,40,104.40,3,3.13,104.37,0.50,104.87
6534-1,16/12/19,Nora Price,"7 Khartoum Rd,Macquarie Park",Sydney,NSW,Home Office,Preston Senome,Critical,Adesso Programmable 142-Key Keyboard,Technology,Small Box,Regular Air,2016-12-21,32.02,152.48,12,1829.76,7,128.08,1829.69,4.00,1833.69
5605-1,14/9/3,Odella Nelson,"523 King St,Newtown",Sydney,NSW,Small Business,Aanya Zhang,Medium,"Artisan Hi-Liter GlideStik Fluorescent Highlighter, Yellow Ink",Office Supplies,Wrap Bag,Regular Air,2014-09-05,1.92,3.26,31,101.06,0,0.00,101.06,1.86,102.92
6438-1,16/10/16,Odella Nelson,"523 King St,Newtown",Sydney,NSW,Small Business,Aanya Zhang,Medium,12 Colored Short Pencils,Office Supplies,Wrap Bag,Regular Air,2016-10-18,1.09,2.60,12,31.20,5,1.56,31.15,2.40,33.55
5023-1,13/2/17,Olvera Toch,"3 Carrington Road ,Box Hill",Melbourne,VIC,Home Office,Yvette Biti,Low,12 Colored Short Pencils,Office Supplies,Wrap Bag,Regular Air,2013-02-22,1.09,2.60,47,122.20,10,12.22,122.10,2.40,124.50
6146-1,15/12/19,Olvera Toch,"3 Carrington Road ,Box Hill",Melbourne,VIC,Home Office,Yvette Biti,Not Specified,Alto Memo Cubes,Office Supplies,Wrap Bag,Regular Air,2015-12-21,3.32,5.18,25,129.50,10,12.95,129.40,2.04,131.44
5416-1,14/2/16,Pamela Coakley,"120 Hardware St,Melbourne",Melbourne,VIC,Corporate,Yvette Biti,High,1726 Digital Answering Machine,Technology,Medium Box,Regular Air,2014-02-18,8.82,20.99,24,503.76,1,5.04,503.75,4.81,508.56
5062-1,13/4/30,Pamela Stobb,"273 George Street,Sydney",Sydney,NSW,Consumer,Leighton Forrest,Not Specified,TechSavi Access Keyboard,Technology,Small Box,Regular Air,2013-05-02,10.07,15.98,39,623.22,9,56.09,623.13,4.00,627.13
5307-1,13/11/16,Pamela Stobb,"273 George Street,Sydney",Sydney,NSW,Consumer,Leighton Forrest,Not Specified,Aluminum Document Frame,Furniture,Small Pack,Regular Air,2013-11-16,5.50,12.22,27,329.94,7,23.10,329.87,2.85,332.72
5456-1,14/4/2,Patrick Bzostek,"1/50-58 Hunter St,Sydney",Sydney,NSW,Consumer,Preston Senome,Critical,Barrel Sharpener,Office Supplies,Small Pack,Regular Air,2014-04-04,1.46,3.57,41,146.37,3,4.39,146.34,4.17,150.51
6451-1,16/10/23,Patrick Bzostek,"1/50-58 Hunter St,Sydney",Sydney,NSW,Consumer,Preston Senome,Medium,Artisan Durable Binders,Office Supplies,Small Box,Regular Air,2016-10-25,1.84,2.88,32,92.16,1,0.92,92.15,1.49,93.64
6186-1,16/2/1,Patrick Gardner,"224A Gertrude St,Fitzroy",Melbourne,VIC,Consumer,Connor Betts,High,Artisan Reinforcements for Hole-Punch Pages,Office Supplies,Small Box,Regular Air,2016-02-02,1.19,1.98,12,23.76,7,1.66,23.69,4.77,28.46
5335-1,13/12/11,Patrick Jones,"221 Barkly St,St Kilda",Melbourne,VIC,Home Office,Yvette Biti,Low,Artisan Printable Repositionable Plastic Tabs,Office Supplies,Small Box,Regular Air,2013-12-13,5.33,8.60,6,51.60,4,2.06,51.56,6.19,57.75
5335-2,13/12/11,Patrick Jones,"221 Barkly St,St Kilda",Melbourne,VIC,Home Office,Yvette Biti,Low,"OIC Colored Binder Clips, Assorted Sizes",Office Supplies,Wrap Bag,Regular Air,2013-12-15,2.29,3.58,30,107.40,1,1.07,107.39,1.63,109.02
6457-1,16/10/27,Patrick Jones,"221 Barkly St,St Kilda",Melbourne,VIC,Home Office,Yvette Biti,Medium,UGen Ultra Cordless Optical Suite,Technology,Small Box,Regular Air,2016-10-28,54.52,100.97,29,2928.13,5,146.41,2928.08,7.18,2935.26
6457-2,16/10/27,Patrick Jones,"221 Barkly St,St Kilda",Melbourne,VIC,Home Office,Yvette Biti,Medium,Unpadded Memo Slips,Office Supplies,Wrap Bag,Regular Air,2016-10-27,2.59,3.98,4,15.92,9,1.43,15.83,2.97,18.80
5014-1,13/2/11,Patrick Jones,"221 Barkly St,St Kilda",Melbourne,VIC,Home Office,Yvette Biti,High,Artisan Heavy-Duty EZD  Binder With Locking Rings,Office Supplies,Small Box,Regular Air,2013-02-12,3.52,5.58,29,161.82,3,4.85,161.79,2.99,164.78
5633-1,14/10/1,Patrick Jones,"221 Barkly St,St Kilda",Melbourne,VIC,Home Office,Yvette Biti,High,Adesso Programmable 142-Key Keyboard,Technology,Small Box,Regular Air,2014-10-03,39.64,152.48,48,7319.04,4,292.76,7319.00,6.50,7325.50
5653-1,14/10/16,Patrick Jones,"221 Barkly St,St Kilda",Melbourne,VIC,Home Office,Yvette Biti,Critical,EcoTones Memo Sheets,Office Supplies,Wrap Bag,Regular Air,2014-10-17,2.52,4.00,36,144.00,1,1.44,143.99,1.30,145.29
5658-1,14/10/18,Patrick Jones,"221 Barkly St,St Kilda",Melbourne,VIC,Home Office,Yvette Biti,Not Specified,Artisan 48 Labels,Office Supplies,Small Box,Regular Air,2014-10-20,3.84,6.30,8,50.40,1,0.50,50.39,0.50,50.89
6143-1,15/12/16,Patrick OBrill,"53 Riley Street,Woolloomooloo",Sydney,NSW,Home Office,Tina Carlton,Critical,Beekin 105-Key Black Keyboard,Technology,Small Box,Express Air,2015-12-18,6.39,19.98,18,359.64,4,14.39,359.60,4.00,363.60
6143-2,15/12/16,Patrick OBrill,"53 Riley Street,Woolloomooloo",Sydney,NSW,Home Office,Tina Carlton,Critical,"Multi-Use Personal File Cart and Caster Set, Three Stacking Bins",Office Supplies,Small Box,Regular Air,2015-12-18,14.95,34.76,46,1598.96,9,143.91,1598.87,8.22,1607.09
5383-1,14/1/17,Patrick OBrill,"53 Riley Street,Woolloomooloo",Sydney,NSW,Home Office,Tina Carlton,Critical,Artisan 48 Labels,Office Supplies,Small Box,Regular Air,2014-01-19,3.84,6.30,32,201.60,4,8.06,201.56,0.50,202.06
5644-1,14/10/4,Patrick OBrill,"53 Riley Street,Woolloomooloo",Sydney,NSW,Home Office,Tina Carlton,Low,Laser DVD-RAM discs,Technology,Small Pack,Regular Air,2014-10-06,20.18,35.41,5,177.05,0,0.00,177.05,1.99,179.04
6181-1,16/1/28,Patrick ODonnell,"21 Wentworth St,Parramatta",Sydney,NSW,Home Office,Aanya Zhang,Medium,Adesso Programmable 142-Key Keyboard,Technology,Small Box,Regular Air,2016-01-29,39.64,152.48,27,4116.96,10,411.70,4116.86,6.50,4123.36
6557-1,17/1/14,Patrick ODonnell,"21 Wentworth St,Parramatta",Sydney,NSW,Home Office,Aanya Zhang,Medium,Artisan Poly Binder Pockets,Office Supplies,Small Box,Regular Air,2017-01-15,2.26,3.58,38,136.04,3,4.08,136.01,5.47,141.48
5914-1,15/5/26,Patrick Ryan,"Cnr Williams Road & Lechlade Ave,South Yarra",Melbourne,VIC,Corporate,Yvette Biti,Critical,12 Colored Short Pencils,Office Supplies,Wrap Bag,Regular Air,2015-05-28,1.09,2.60,8,20.80,4,0.83,20.76,2.40,23.16
5964-1,15/7/4,Patrick Ryan,"Cnr Williams Road & Lechlade Ave,South Yarra",Melbourne,VIC,Corporate,Yvette Biti,High,Artisan Non-Stick Binders,Office Supplies,Small Box,Regular Air,2015-07-05,2.74,4.49,15,67.35,5,3.37,67.30,1.49,68.79
5783-1,15/2/2,Paul Knutson,"1/173-179 Bronte Rd,Waverley",Sydney,NSW,Corporate,Leighton Forrest,Critical,Cando PC940 Copier,Technology,Jumbo Drum,Delivery Truck,2015-02-03,278.99,449.99,16,7199.84,9,647.99,7199.75,49.00,7248.75
6142-1,15/12/10,Paul Knutson,"1/173-179 Bronte Rd,Waverley",Sydney,NSW,Corporate,Leighton Forrest,Critical,UGen Ultra Professional Cordless Optical Suite,Technology,Small Box,Express Air,2015-12-12,156.50,300.97,8,2407.76,5,120.39,2407.71,7.18,2414.89
5140-1,13/6/24,Paul Lucas,"8 Quay Street,Haymarket",Sydney,NSW,Corporate,Leighton Forrest,High,3Max Organizer Strips,Office Supplies,Small Box,Regular Air,2013-06-25,3.40,5.40,25,135.00,9,12.15,134.91,7.78,142.69
5277-1,13/10/20,Paul MacIntyre,"60 Commercial Rd,Prahran",Melbourne,VIC,Corporate,Yvette Biti,Critical,12 Colored Short Pencils,Office Supplies,Wrap Bag,Regular Air,2013-10-22,1.09,2.60,36,93.60,0,0.00,93.60,2.40,96.00
6130-1,15/11/30,Paul MacIntyre,"60 Commercial Rd,Prahran",Melbourne,VIC,Corporate,Yvette Biti,High,Artisan Arch Ring Binders,Office Supplies,Small Box,Regular Air,2015-12-01,36.02,58.10,27,1568.70,7,109.81,1568.63,1.49,1570.12
5031-1,13/2/25,Paul Prost,"120 Hardware St,Melbourne",Melbourne,VIC,Corporate,Connor Betts,Medium,Security-Tint Envelopes,Office Supplies,Small Box,Regular Air,2013-02-27,4.89,7.64,18,137.52,10,13.75,137.42,1.39,138.81
5291-1,13/10/28,Paul Prost,"120 Hardware St,Melbourne",Melbourne,VIC,Corporate,Connor Betts,High,Steady 52201 APSCO Electric Pencil Sharpener,Office Supplies,Small Pack,Express Air,2013-10-29,16.80,40.97,11,450.67,3,13.52,450.64,8.99,459.63
5426-1,14/2/24,Pauline Chand,"501 George St,Sydney",Sydney,NSW,Small Business,Samantha Chairs,Not Specified,EcoTones Memo Sheets,Office Supplies,Wrap Bag,Regular Air,2014-02-26,2.52,4.00,33,132.00,8,10.56,131.92,1.30,133.22
6504-1,16/11/27,Pauline Chand,"501 George St,Sydney",Sydney,NSW,Corporate,Samantha Chairs,Not Specified,300 Series Non-Flip,Technology,Small Box,Regular Air,2016-11-29,62.40,155.99,24,3743.76,4,149.75,3743.72,8.08,3751.80
5174-1,13/7/17,Pauline Webber,"499-501 Lygon Street,Carlton North",Melbourne,VIC,Consumer,Yvette Biti,Low,UGen Ultra Cordless Optical Suite,Technology,Small Box,Express Air,2013-07-17,54.52,100.97,35,3533.95,5,176.70,3533.90,7.18,3541.08
5879-1,15/4/30,Pauline Webber,"499-501 Lygon Street,Carlton North",Melbourne,VIC,Consumer,Yvette Biti,High,Artisan Poly Binder Pockets,Office Supplies,Small Box,Regular Air,2015-05-02,2.26,3.58,7,25.06,9,2.26,24.97,5.47,30.44
5896-1,15/5/15,Penelope Sewall,"96 Liverpool St,Sydney",Sydney,NSW,Home Office,Samantha Chairs,High,Apex Straight Scissors,Office Supplies,Small Pack,Regular Air,2015-05-17,5.19,12.98,23,298.54,1,2.99,298.53,3.14,301.67
5679-1,14/11/3,Pete Armstrong,"506 Swan Street,Richmond",Melbourne,VIC,Consumer,Connor Betts,Low,EcoTones Memo Sheets,Office Supplies,Wrap Bag,Regular Air,2014-11-07,2.52,4.00,32,128.00,9,11.52,127.91,1.30,129.21
5923-1,15/5/31,Pete Armstrong,"506 Swan Street,Richmond",Melbourne,VIC,Consumer,Connor Betts,Medium,"Laser Neon Mac Format Diskettes, 10/Pack",Technology,Small Pack,Regular Air,2015-06-01,1.87,8.12,3,24.36,3,0.73,24.33,2.83,27.16
6204-1,16/2/13,Pete Armstrong,"506 Swan Street,Richmond",Melbourne,VIC,Consumer,Connor Betts,High,Wirebound Voice Message Log Book,Office Supplies,Wrap Bag,Regular Air,2016-02-16,2.90,4.76,33,157.08,6,9.42,157.02,0.88,157.90
6373-1,16/8/17,Pete Armstrong,"506 Swan Street,Richmond",Melbourne,VIC,Consumer,Connor Betts,High,Wirebound Voice Message Log Book,Office Supplies,Wrap Bag,Regular Air,2016-08-18,2.90,4.76,1,4.76,2,0.10,4.74,0.88,5.62
6311-1,16/5/29,Peter Buhler,"2-4 College Street, Darlinghurst",Sydney,NSW,Consumer,Nicholas Fernandes,Medium,"Multi-Use Personal File Cart and Caster Set, Three Stacking Bins",Office Supplies,Small Box,Regular Air,2016-05-30,14.95,34.76,32,1112.32,2,22.25,1112.30,8.22,1120.52
5309-1,13/11/16,Peter Fuller,"Westfield Miranda, 600 Kingsway,Miranda",Sydney,NSW,Corporate,Preston Senome,Critical,Pizazz Colored Pencils,Office Supplies,Wrap Bag,Regular Air,2013-11-17,1.76,2.94,23,67.62,7,4.73,67.55,0.81,68.36
6112-1,15/11/10,Peter Fuller,"Westfield Miranda, 600 Kingsway,Miranda",Sydney,NSW,Corporate,Preston Senome,Low,Binder Clips by OIC,Office Supplies,Wrap Bag,Regular Air,2015-11-14,0.93,1.48,19,28.12,0,0.00,28.12,0.70,28.82
5869-1,15/4/25,Peter McVee,"8 Rankins Lane ,Melbourne",Melbourne,VIC,Small Business,Connor Betts,Critical,Bagged Rubber Bands,Office Supplies,Wrap Bag,Regular Air,2015-04-26,0.24,1.26,35,44.10,10,4.41,44.00,0.70,44.70
5869-2,15/4/25,Peter McVee,"8 Rankins Lane ,Melbourne",Melbourne,VIC,Small Business,Connor Betts,Critical,"DrawIt Pizazz Watercolor Pencils, 10-Color Set with Brush",Office Supplies,Wrap Bag,Regular Air,2015-04-27,2.39,4.26,8,34.08,10,3.41,33.98,1.20,35.18
5564-1,14/7/25,Philip Brown,"499-501 Lygon Street,Carlton North",Melbourne,VIC,Home Office,Yvette Biti,Low,Self-Adhesive Removable Labels,Office Supplies,Small Box,Regular Air,2014-07-27,1.98,3.15,46,144.90,10,14.49,144.80,0.49,145.29
5613-1,14/9/11,Philip Brown,"499-501 Lygon Street,Carlton North",Melbourne,VIC,Home Office,Yvette Biti,Critical,Binder Clips by OIC,Office Supplies,Wrap Bag,Regular Air,2014-09-13,0.93,1.48,15,22.20,3,0.67,22.17,0.70,22.87
5665-1,14/10/21,Philip Brown,"499-501 Lygon Street,Carlton North",Melbourne,VIC,Corporate,Yvette Biti,Medium,Smiths SlimLine Pencil Sharpener,Office Supplies,Small Pack,Regular Air,2014-10-21,4.79,11.97,8,95.76,3,2.87,95.73,5.81,101.54
5757-1,15/1/16,Philip Brown,"499-501 Lygon Street,Carlton North",Melbourne,VIC,Corporate,Yvette Biti,High,Emerson Stylus 1520 Color Inkjet Printer,Technology,Jumbo Drum,Delivery Truck,2015-01-17,315.61,500.97,37,18535.89,0,0.00,18535.89,69.30,18605.19
5857-1,15/4/18,Philip Brown,"499-501 Lygon Street,Carlton North",Melbourne,VIC,Corporate,Yvette Biti,Medium,Artisan Durable Poly Binders,Office Supplies,Small Box,Regular Air,2015-04-19,3.37,5.53,30,165.90,1,1.66,165.89,6.98,172.87
5360-1,14/1/7,Philip Fox,"73 York St,Sydney",Sydney,NSW,Home Office,Tina Carlton,High,Economy Rollaway Files,Office Supplies,Small Box,Regular Air,2014-01-07,67.73,165.20,49,8094.80,5,404.74,8094.75,19.99,8114.74
6348-1,16/7/3,Philip Fox,"73 York St,Sydney",Sydney,NSW,Home Office,Tina Carlton,Medium,Assorted Color Push Pins,Office Supplies,Wrap Bag,Regular Air,2016-07-05,0.87,1.81,50,90.50,8,7.24,90.42,0.75,91.17
5313-1,13/11/18,Phillip Flathmann,"Macquarie Centre Cnr Herring Road & Waterloo Road,Macquarie Park",Sydney,NSW,Small Business,Nicholas Fernandes,Low,Smiths Metal Binder Clips,Office Supplies,Wrap Bag,Regular Air,2013-11-20,1.60,2.62,26,68.12,9,6.13,68.03,0.80,68.83
5777-1,15/1/28,Phillip Flathmann,"Macquarie Centre Cnr Herring Road & Waterloo Road,Macquarie Park",Sydney,NSW,Small Business,Nicholas Fernandes,Medium,Artisan 487 Labels,Office Supplies,Small Box,Regular Air,2015-01-29,2.29,3.69,4,14.76,1,0.15,14.75,0.50,15.25
6042-1,15/8/28,Phillip Flathmann,"Macquarie Centre Cnr Herring Road & Waterloo Road,Macquarie Park",Sydney,NSW,Small Business,Nicholas Fernandes,Critical,Artisan 481 Labels,Office Supplies,Small Box,Regular Air,2015-08-30,1.94,3.08,6,18.48,2,0.37,18.46,0.99,19.45
6425-1,16/10/1,Phillip Flathmann,"Macquarie Centre Cnr Herring Road & Waterloo Road,Macquarie Park",Sydney,NSW,Small Business,Nicholas Fernandes,Medium,Smiths Colored Interoffice Envelopes,Office Supplies,Small Box,Regular Air,2016-10-02,19.83,30.98,37,1146.26,1,11.46,1146.25,19.51,1165.76
6463-1,16/10/29,Pierre Wener,"531 King St,Newtown",Sydney,NSW,Home Office,Mihael Khan,Critical,Beekin 105-Key Black Keyboard,Technology,Small Box,Regular Air,2016-10-30,6.39,19.98,9,179.82,9,16.18,179.73,4.00,183.73
6214-1,16/2/23,Quincy Jones,"Shop 3/144 Waterloo Road,Greenacre",Sydney,NSW,Small Business,Samantha Chairs,Medium,Smiths Colored Bar Computer Paper,Office Supplies,Small Box,Regular Air,2016-02-24,21.97,35.44,48,1701.12,8,136.09,1701.04,4.92,1705.96
6288-1,16/5/8,Quincy Jones,"Shop 3/144 Waterloo Road,Greenacre",Sydney,NSW,Corporate,Samantha Chairs,Low,OIC Thumb-Tacks,Office Supplies,Wrap Bag,Regular Air,2016-05-08,0.71,1.14,20,22.80,9,2.05,22.71,0.70,23.41
6387-1,16/8/24,Quincy Jones,"Shop 3/144 Waterloo Road,Greenacre",Sydney,NSW,Small Business,Samantha Chairs,Medium,Pizazz Drawing Pencil Set,Office Supplies,Wrap Bag,Regular Air,2016-08-24,1.53,2.78,23,63.94,1,0.64,63.93,1.34,65.27
5800-1,15/2/14,Ralph Arnett,"88 Oxford St,Woollahra",Sydney,NSW,Consumer,Charlie Bui,Medium,"Alto Parchment Paper, Assorted Colors",Office Supplies,Small Box,Express Air,2015-02-15,4.59,7.28,5,36.40,5,1.82,36.35,11.15,47.50
5962-1,15/7/4,Ralph Kennedy,"53-55 Liverpool Street,Sydney",Sydney,NSW,Corporate,Tina Carlton,Not Specified,3Max Polarizing Light Filter Sleeves,Furniture,Small Pack,Regular Air,2015-07-04,11.38,18.65,44,820.60,3,24.62,820.57,3.77,824.34
5450-1,14/3/29,Ralph Knight,"5/63-71 Enmore Rd,Newtown",Sydney,NSW,Consumer,Charlie Bui,Not Specified,"Angle-D Binders with Locking Rings, Label Holders",Office Supplies,Small Box,Regular Air,2014-03-30,4.53,7.30,18,131.40,5,6.57,131.35,7.72,139.07
6194-1,16/2/11,Ralph Knight,"5/63-71 Enmore Rd,Newtown",Sydney,NSW,Consumer,Charlie Bui,Medium,600 Series Flip,Technology,Small Box,Regular Air,2016-02-13,41.28,95.99,14,1343.86,4,53.75,1343.82,8.99,1352.81
5958-1,15/7/2,Randy Ferguson,"438 Victoria Avenue,Chatswood",Sydney,NSW,Home Office,Natasha Song,Low,Aluminum Document Frame,Furniture,Small Pack,Regular Air,2015-07-09,5.50,12.22,46,562.12,3,16.86,562.09,2.85,564.94
5551-1,14/7/12,Raymond Book,"Shop 1, 186-190 Church Street,Parramatta;46a Macleay Street,Potts Point",Sydney,NSW,Consumer,Mihael Khan,Medium,Artisan Round Ring Poly Binders,Office Supplies,Small Box,Regular Air,2014-07-14,1.82,2.84,19,53.96,0,0.00,53.96,5.44,59.40
6017-1,15/8/11,Raymond Book,"Shop 1, 186-190 Church Street,Parramatta;46a Macleay Street,Potts Point",Sydney,NSW,Consumer,Mihael Khan,High,HFX LaserJet 3310 Copier,Technology,Large Box,Regular Air,2015-08-12,377.99,599.99,46,27599.54,7,1931.97,27599.47,24.49,27623.96
5114-1,13/5/31,Raymond Fair,"188 Pitt Street,Sydney",Sydney,NSW,Small Business,Tina Carlton,Not Specified,TechSavi Cordless Elite Duo,Technology,Small Box,Regular Air,2013-06-02,60.59,100.98,33,3332.34,5,166.62,3332.29,7.18,3339.47
5971-1,15/7/14,Raymond Fair,"188 Pitt Street,Sydney",Sydney,NSW,Small Business,Tina Carlton,Low,"Wirebound Message Book, 4 per Page",Office Supplies,Wrap Bag,Express Air,2015-07-19,3.48,5.43,48,260.64,5,13.03,260.59,0.95,261.54
6394-1,16/9/6,Raymond Fair,"188 Pitt Street,Sydney",Sydney,NSW,Small Business,Tina Carlton,High,"Artisan Hi-Liter GlideStik Fluorescent Highlighter, Yellow Ink",Office Supplies,Wrap Bag,Regular Air,2016-09-08,1.92,3.26,38,123.88,2,2.48,123.86,1.86,125.72
5893-1,15/5/14,Ricardo Block,"106 Ebley Street,Bondi Junction",Sydney,NSW,Corporate,Leighton Forrest,Medium,Bagged Rubber Bands,Office Supplies,Wrap Bag,Express Air,2015-05-14,0.24,1.26,35,44.10,6,2.65,44.04,0.70,44.74
6067-1,15/9/15,Ricardo Emerson,"Westfield Sydney,Sydney",Sydney,NSW,Corporate,Natasha Song,Critical,Binder Clips by OIC,Office Supplies,Wrap Bag,Regular Air,2015-09-17,0.93,1.48,1,1.48,1,0.01,1.47,0.70,2.17
5939-1,15/6/20,Richard Bierner,"180 High Street,Windsor",Melbourne,VIC,Small Business,Connor Betts,Not Specified,"Alto Parchment Paper, Assorted Colors",Office Supplies,Small Box,Regular Air,2015-06-22,4.59,7.28,16,116.48,7,8.15,116.41,11.15,127.56
6413-1,16/9/22,Richard Bierner,"180 High Street,Windsor",Melbourne,VIC,Small Business,Connor Betts,Medium,EcoTones Memo Sheets,Office Supplies,Wrap Bag,Regular Air,2016-09-23,2.52,4.00,22,88.00,9,7.92,87.91,1.30,89.21
5496-1,14/5/19,Richard Eichhorn,"506 Swan Street,Richmond",Melbourne,VIC,Consumer,Connor Betts,Medium,Aluminum Document Frame,Furniture,Small Pack,Express Air,2014-05-20,5.50,12.22,18,219.96,4,8.80,219.92,2.85,222.77
5113-1,13/5/31,Rick Duston,"260 Marrickville Rd,Marrickville",Sydney,NSW,Corporate,Nicholas Fernandes,Medium,Alto Perma 2700 Stacking Storage Drawers,Office Supplies,Small Box,Regular Air,2013-05-31,8.92,29.74,14,416.36,2,8.33,416.34,6.64,422.98
5436-1,14/3/11,Rick Duston,"260 Marrickville Rd,Marrickville",Sydney,NSW,Corporate,Nicholas Fernandes,Medium,Airmail Envelopes,Office Supplies,Small Box,Regular Air,2014-03-12,52.04,83.93,50,4196.50,10,419.65,4196.40,19.99,4216.39
5180-1,13/7/22,Rick Hansen,"Macquarie Centre Cnr Herring Road & Waterloo Road,Macquarie Park",Sydney,NSW,Corporate,Nicholas Fernandes,High,Economy Binders,Office Supplies,Small Box,Express Air,2013-07-23,1.33,2.08,11,22.88,1,0.23,22.87,1.49,24.36
5937-1,15/6/13,Rick Hansen,"Macquarie Centre Cnr Herring Road & Waterloo Road,Macquarie Park",Sydney,NSW,Corporate,Nicholas Fernandes,Not Specified,Aluminum Document Frame,Furniture,Small Pack,Regular Air,2015-06-16,5.50,12.22,8,97.76,10,9.78,97.66,2.85,100.51
6222-1,16/3/7,Rick Hansen,"Macquarie Centre Cnr Herring Road & Waterloo Road,Macquarie Park",Sydney,NSW,Home Office,Nicholas Fernandes,Medium,Steady 52201 APSCO Electric Pencil Sharpener,Office Supplies,Small Pack,Regular Air,2016-03-08,16.80,40.97,14,573.58,0,0.00,573.58,8.99,582.57
6574-1,17/1/30,Rick Hansen,"Macquarie Centre Cnr Herring Road & Waterloo Road,Macquarie Park",Sydney,NSW,Home Office,Nicholas Fernandes,Not Specified,Cando S750 Color Inkjet Printer,Technology,Jumbo Drum,Delivery Truck,2017-02-02,75.00,120.97,4,483.88,7,33.87,483.81,26.30,510.11
5025-1,13/2/20,Rick Reed,"Sydney Fish Market, Bank Street, Sydney",Sydney,NSW,Consumer,Phoebe Gour,Critical,Pizazz Dustless Chalk Sticks,Office Supplies,Wrap Bag,Regular Air,2013-02-22,1.09,1.68,33,55.44,4,2.22,55.40,1.00,56.40
6465-1,16/10/31,Rick Wilson,"81 MacLeay St,Potts Point",Sydney,NSW,Corporate,Samantha Chairs,Medium,"210 Trimline Phone, White",Technology,Medium Box,Regular Air,2016-10-31,9.91,15.99,33,527.67,1,5.28,527.66,11.28,538.94
5483-1,14/5/8,Ritsa Hightower,"1/160 Anzac Parade,Kensington",Sydney,NSW,Corporate,Natasha Song,Low,Binder Clips by OIC,Office Supplies,Wrap Bag,Regular Air,2014-05-13,0.93,1.48,33,48.84,7,3.42,48.77,0.70,49.47
5639-1,14/10/2,Ritsa Hightower,"1/160 Anzac Parade,Kensington",Sydney,NSW,Corporate,Natasha Song,High,Smiths Colored Bar Computer Paper,Office Supplies,Small Box,Regular Air,2014-10-04,21.97,35.44,29,1027.76,3,30.83,1027.73,4.92,1032.65
5681-1,14/11/7,Ritsa Hightower,"1/160 Anzac Parade,Kensington",Sydney,NSW,Corporate,Natasha Song,Medium,HFX LaserJet 3310 Copier,Technology,Large Box,Express Air,2014-11-09,377.99,599.99,41,24599.59,7,1721.97,24599.52,24.49,24624.01
5702-1,14/12/1,Ritsa Hightower,"1/160 Anzac Parade,Kensington",Sydney,NSW,Corporate,Natasha Song,Low,Fluorescent Highlighters by DrawIt,Office Supplies,Wrap Bag,Express Air,2014-12-05,1.95,3.98,4,15.92,2,0.32,15.90,0.83,16.73
5057-1,13/4/28,Rob Haberlin,"8 Rankins Lane ,Melbourne",Melbourne,VIC,Corporate,Connor Betts,Medium,Artisan 479 Labels,Office Supplies,Small Box,Regular Air,2013-04-30,1.59,2.61,9,23.49,6,1.41,23.43,0.50,23.93
5173-1,13/7/16,Rob Haberlin,"8 Rankins Lane ,Melbourne",Melbourne,VIC,Corporate,Connor Betts,High,Wirebound Voice Message Log Book,Office Supplies,Wrap Bag,Regular Air,2013-07-16,2.90,4.76,13,61.88,7,4.33,61.81,0.88,62.69
5232-1,13/9/3,Rob Haberlin,"8 Rankins Lane ,Melbourne",Melbourne,VIC,Corporate,Connor Betts,Low,Barrel Sharpener,Office Supplies,Small Pack,Regular Air,2013-09-05,1.46,3.57,26,92.82,4,3.71,92.78,4.17,96.95
5455-1,14/4/2,Rob Haberlin,"8 Rankins Lane ,Melbourne",Melbourne,VIC,Corporate,Connor Betts,Medium,Alto Perma 3000 Stacking Storage Drawers,Office Supplies,Small Box,Regular Air,2014-04-04,7.13,20.98,39,818.22,4,32.73,818.18,5.42,823.60
5710-1,14/12/8,Robert Barroso,"163 Concord Road,North Strathfield",Sydney,NSW,Small Business,Charlie Bui,High,Deluxe Rollaway Locking File with Drawer,Office Supplies,Small Box,Regular Air,2014-12-10,178.83,415.88,4,1663.52,3,49.91,1663.49,11.37,1674.86
6221-1,16/3/6,Robert Marley,"211/25-29 Dixon St,Haymarket",Sydney,NSW,Corporate,Preston Senome,Not Specified,Artisan Hole Reinforcements,Office Supplies,Small Box,Express Air,2016-03-07,3.99,6.23,33,205.59,8,16.45,205.51,6.97,212.48
6231-1,16/3/18,Robert Marley,"211/25-29 Dixon St,Haymarket",Sydney,NSW,Corporate,Preston Senome,Low,Artisan File Folder Labels,Office Supplies,Small Box,Regular Air,2016-03-23,1.84,2.88,18,51.84,2,1.04,51.82,5.33,57.15
5663-1,14/10/21,Roger Demir,"2/86 Enmore Rd,Enmore",Sydney,NSW,Consumer,Samantha Chairs,Not Specified,"Artisan Hi-Liter EverBold Pen Style Fluorescent Highlighters, 4/Pack",Office Supplies,Wrap Bag,Regular Air,2014-10-22,4.48,8.14,46,374.44,0,0.00,374.44,3.12,377.56
6581-1,17/2/4,Roland Black,"438 Victoria Avenue,Chatswood",Sydney,NSW,Small Business,Natasha Song,High,Artisan Legal 4-Ring Binder,Office Supplies,Small Box,Regular Air,2017-02-05,13.64,20.98,41,860.18,5,43.01,860.13,1.49,861.62
5451-1,14/3/31,Roland Murray,"Westfield 1 Anderson St,Chatswood",Sydney,NSW,Home Office,Nicholas Fernandes,Not Specified,DrawIt Colored Pencils,Office Supplies,Wrap Bag,Regular Air,2014-03-31,4.37,9.11,1,9.11,10,0.91,9.01,2.25,11.26
6475-1,16/11/2,Roland Murray,"Westfield 1 Anderson St,Chatswood",Sydney,NSW,Home Office,Nicholas Fernandes,Low,"Steady Colorific Colored Pencils, 12/Box",Office Supplies,Wrap Bag,Regular Air,2016-11-06,1.30,2.88,41,118.08,10,11.81,117.98,1.01,118.99
6298-1,16/5/19,Rose OBrian,"157 Norton St,Leichhardt",Sydney,NSW,Home Office,Stevie Bacata,Medium,Pizazz Colored Pencils,Office Supplies,Wrap Bag,Regular Air,2016-05-20,1.76,2.94,31,91.14,4,3.65,91.10,0.81,91.91
5090-1,13/5/18,Roy Collins,"Westfield Sydney,Sydney",Sydney,NSW,Corporate,Natasha Song,Not Specified,TypeRight Side-Opening Peel & Seel Expanding Envelopes,Office Supplies,Small Box,Regular Air,2013-05-20,54.29,90.48,11,995.28,4,39.81,995.24,19.99,1015.23
5144-1,13/6/26,Roy Collins,"Westfield Sydney,Sydney",Sydney,NSW,Corporate,Natasha Song,Critical,Smiths Gold Paper Clips,Office Supplies,Wrap Bag,Regular Air,2013-06-27,1.82,2.98,3,8.94,9,0.80,8.85,1.58,10.43
6057-1,15/9/6,Roy Collins,"Westfield Sydney,Sydney",Sydney,NSW,Corporate,Natasha Song,Critical,TechSavi Cordless Elite Duo,Technology,Small Box,Regular Air,2015-09-07,60.59,100.98,44,4443.12,9,399.88,4443.03,7.18,4450.21
6291-1,16/5/10,Roy Collins,"Westfield Sydney,Sydney",Sydney,NSW,Corporate,Natasha Song,Not Specified,Smiths Standard Envelopes,Office Supplies,Small Box,Regular Air,2016-05-12,3.52,5.68,34,193.12,6,11.59,193.06,1.39,194.45
5809-1,15/2/27,Roy French,"78 Stanley St,Darlinghurst",Sydney,NSW,Consumer,Phoebe Gour,High,Artisan 474 Labels,Office Supplies,Small Box,Express Air,2015-02-28,1.84,2.88,9,25.92,0,0.00,25.92,0.99,26.91
6072-1,15/9/25,Roy Phan,"506 Swan Street,Richmond",Melbourne,VIC,Corporate,Connor Betts,Critical,Self-Adhesive Ring Binder Labels,Office Supplies,Small Box,Regular Air,2015-09-27,2.18,3.52,13,45.76,8,3.66,45.68,6.83,52.51
6467-1,16/10/31,Roy Phan,"506 Swan Street,Richmond",Melbourne,VIC,Corporate,Connor Betts,Medium,Artisan Hanging File Binders,Office Supplies,Small Box,Regular Air,2016-11-01,3.65,5.98,23,137.54,1,1.38,137.53,1.49,139.02
5095-1,13/5/20,Roy Skaria,"2/797 Botany Rd,Rosebery",Sydney,NSW,Corporate,Samantha Chairs,High,Aluminum Document Frame,Furniture,Small Pack,Regular Air,2013-05-21,5.50,12.22,35,427.70,0,0.00,427.70,2.85,430.55
5265-1,13/10/6,Roy Skaria,"2/797 Botany Rd,Rosebery",Sydney,NSW,Corporate,Samantha Chairs,Medium,1726 Digital Answering Machine,Technology,Medium Box,Regular Air,2013-10-07,8.82,20.99,25,524.75,5,26.24,524.70,4.81,529.51
6191-1,16/2/9,Roy Skaria,"2/797 Botany Rd,Rosebery",Sydney,NSW,Corporate,Samantha Chairs,Low,Unpadded Memo Slips,Office Supplies,Wrap Bag,Regular Air,2016-02-14,2.59,3.98,50,199.00,8,15.92,198.92,2.97,201.89
6193-1,16/2/10,Roy Skaria,"2/797 Botany Rd,Rosebery",Sydney,NSW,Corporate,Samantha Chairs,Medium,PastelOcean Color Pencil Set,Office Supplies,Wrap Bag,Regular Air,2016-02-11,11.11,19.84,10,198.40,5,9.92,198.35,4.10,202.45
5599-1,14/8/28,Ruben Ausman,"Crown Complex,Southbank",Melbourne,VIC,Corporate,Yvette Biti,High,Cando PC940 Copier,Technology,Jumbo Drum,Delivery Truck,2014-08-28,278.99,449.99,15,6749.85,4,269.99,6749.81,49.00,6798.81
5599-2,14/8/28,Ruben Ausman,"Crown Complex,Southbank",Melbourne,VIC,Corporate,Yvette Biti,High,EcoTones Memo Sheets,Office Supplies,Wrap Bag,Regular Air,2014-08-29,2.52,4.00,14,56.00,6,3.36,55.94,1.30,57.24
6248-1,16/3/30,Ruben Dartt,"188 Pitt Street,Sydney",Sydney,NSW,Corporate,Tina Carlton,Not Specified,Office Shears by Apex,Office Supplies,Small Pack,Regular Air,2016-03-31,0.94,2.08,2,4.16,1,0.04,4.15,2.56,6.71
6489-1,16/11/13,Ryan Crowe,"324A King St,Newtown",Sydney,NSW,Small Business,Mihael Khan,Low,Self-Adhesive Removable Labels,Office Supplies,Small Box,Regular Air,2016-11-15,1.98,3.15,41,129.15,6,7.75,129.09,0.49,129.58
6278-1,16/5/1,Sally Knutson,"Shop 1, 186-190 Church Street,Parramatta;46a Macleay Street,Potts Point",Sydney,NSW,Consumer,Mihael Khan,Not Specified,Artisan Durable Binders,Office Supplies,Small Box,Regular Air,2016-05-03,1.84,2.88,45,129.60,2,2.59,129.58,1.49,131.07
6278-2,16/5/1,Sally Knutson,"Shop 1, 186-190 Church Street,Parramatta;46a Macleay Street,Potts Point",Sydney,NSW,Consumer,Mihael Khan,Not Specified,Beekin 6 Outlet Metallic Surge Strip,Office Supplies,Small Box,Regular Air,2016-05-02,4.46,10.89,39,424.71,6,25.48,424.65,4.50,429.15
6046-1,15/8/31,Sally Knutson,"Shop 1, 186-190 Church Street,Parramatta;46a Macleay Street,Potts Point",Sydney,NSW,Consumer,Mihael Khan,Low,3Max Organizer Strips,Office Supplies,Small Box,Regular Air,2015-08-31,3.40,5.40,14,75.60,2,1.51,75.58,7.78,83.36
6158-1,15/12/28,Sally Knutson,"Shop 1, 186-190 Church Street,Parramatta;46a Macleay Street,Potts Point",Sydney,NSW,Corporate,Mihael Khan,Low,Steady 52201 APSCO Electric Pencil Sharpener,Office Supplies,Small Pack,Express Air,2016-01-04,16.80,40.97,49,2007.53,10,200.75,2007.43,8.99,2016.42
5655-1,14/10/17,Sam Craven,"8 Rankins Lane ,Melbourne",Melbourne,VIC,Home Office,Connor Betts,Medium,Apex Straight Scissors,Office Supplies,Small Pack,Regular Air,2014-10-17,5.19,12.98,11,142.78,8,11.42,142.70,3.14,145.84
5655-2,14/10/17,Sam Craven,"8 Rankins Lane ,Melbourne",Melbourne,VIC,Home Office,Connor Betts,Medium,EcoTones Memo Sheets,Office Supplies,Wrap Bag,Regular Air,2014-10-19,2.52,4.00,19,76.00,1,0.76,75.99,1.30,77.29
6227-1,16/3/14,Sandra Flanagan,"359 Crown Street,Surry Hills",Sydney,NSW,Home Office,Phoebe Gour,Low,Xit Blank Computer Paper,Office Supplies,Small Box,Regular Air,2016-03-18,12.39,19.98,47,939.06,0,0.00,939.06,5.77,944.83
5804-1,15/2/18,Sandra Glassco,"224A Gertrude St,Fitzroy",Melbourne,VIC,Home Office,Connor Betts,High,Artisan Durable Poly Binders,Office Supplies,Small Box,Regular Air,2015-02-21,3.37,5.53,12,66.36,6,3.98,66.30,6.98,73.28
5804-2,15/2/18,Sandra Glassco,"224A Gertrude St,Fitzroy",Melbourne,VIC,Home Office,Connor Betts,High,Artisan Hi-Liter Pen Style Six-Color Fluorescent Set,Office Supplies,Wrap Bag,Regular Air,2015-02-19,2.16,3.85,12,46.20,10,4.62,46.10,0.70,46.80
5413-1,14/2/15,Sandra Glassco,"224A Gertrude St,Fitzroy",Melbourne,VIC,Home Office,Connor Betts,Medium,Blackstonian Pencils,Office Supplies,Wrap Bag,Regular Air,2014-02-16,1.15,2.67,19,50.73,3,1.52,50.70,0.86,51.56
5381-1,14/1/15,Sanjit Engle,"12 Princess Hwy,Sylvania",Sydney,NSW,Home Office,Nicholas Fernandes,Medium,Emerson LQ-870 Dot Matrix Printer,Technology,Jumbo Drum,Delivery Truck,2014-01-17,219.61,535.64,1,535.64,5,26.78,535.59,14.70,550.29
5420-1,14/2/22,Sanjit Jacobs,"541 Church St,Richmond",Melbourne,VIC,Consumer,Yvette Biti,High,Binder Clips by OIC,Office Supplies,Wrap Bag,Regular Air,2014-02-23,0.93,1.48,46,68.08,0,0.00,68.08,0.70,68.78
5549-1,14/7/11,Sanjit Jacobs,"541 Church St,Richmond",Melbourne,VIC,Consumer,Yvette Biti,High,TechSavi Access Keyboard,Technology,Small Box,Regular Air,2014-07-13,8.31,15.98,40,639.20,3,19.18,639.17,6.50,645.67
5645-1,14/10/6,Sanjit Jacobs,"541 Church St,Richmond",Melbourne,VIC,Consumer,Yvette Biti,Critical,Artisan 481 Labels,Office Supplies,Small Box,Regular Air,2014-10-07,1.94,3.08,46,141.68,4,5.67,141.64,0.99,142.63
5358-1,14/1/4,Saphhira Shifley,"Westfield Miranda, 600 Kingsway,Miranda",Sydney,NSW,Consumer,Preston Senome,Critical,Artisan Heavy-Duty EZD  Binder With Locking Rings,Office Supplies,Small Box,Regular Air,2014-01-06,3.52,5.58,49,273.42,2,5.47,273.40,2.99,276.39
5358-2,14/1/4,Saphhira Shifley,"Westfield Miranda, 600 Kingsway,Miranda",Sydney,NSW,Consumer,Preston Senome,Critical,Desktop 3-Pocket Hot File,Office Supplies,Small Box,Regular Air,2014-01-05,22.18,54.10,42,2272.20,2,45.44,2272.18,19.99,2292.17
5762-1,15/1/20,Saphhira Shifley,"Westfield Miranda, 600 Kingsway,Miranda",Sydney,NSW,Consumer,Preston Senome,Not Specified,"Artisan Hi-Liter EverBold Pen Style Fluorescent Highlighters, 4/Pack",Office Supplies,Wrap Bag,Regular Air,2015-01-21,4.48,8.14,23,187.22,7,13.11,187.15,3.12,190.27
5762-2,15/1/20,Saphhira Shifley,"Westfield Miranda, 600 Kingsway,Miranda",Sydney,NSW,Consumer,Preston Senome,Not Specified,Smiths General Use 3-Ring Binders,Office Supplies,Small Box,Regular Air,2015-01-21,1.18,1.88,33,62.04,5,3.10,61.99,1.49,63.48
6496-1,16/11/17,Saphhira Shifley,"Westfield Miranda, 600 Kingsway,Miranda",Sydney,NSW,Corporate,Preston Senome,Medium,Brown Kraft Recycled Envelopes,Office Supplies,Small Box,Regular Air,2016-11-19,11.04,16.98,46,781.08,9,70.30,780.99,12.39,793.38
5159-1,13/7/4,Sara Luxemburg,"180 High Street,Windsor",Melbourne,VIC,Small Business,Connor Betts,Critical,Smiths Metal Binder Clips,Office Supplies,Wrap Bag,Regular Air,2013-07-05,1.60,2.62,21,55.02,5,2.75,54.97,0.80,55.77
5584-1,14/8/11,Sara Luxemburg,"180 High Street,Windsor",Melbourne,VIC,Small Business,Connor Betts,Critical,"DrawIt Colored Pencils, 48-Color Set",Office Supplies,Wrap Bag,Regular Air,2014-08-14,21.56,36.55,24,877.20,7,61.40,877.13,13.89,891.02
5813-1,15/3/2,Sarah Bern,"1-2/299 Sussex St,Sydney",Sydney,NSW,Corporate,Aanya Zhang,Medium,Artisan Hole Reinforcements,Office Supplies,Small Box,Express Air,2015-03-03,3.99,6.23,4,24.92,10,2.49,24.82,6.97,31.79
5240-1,13/9/12,Sarah Brown,"10 O'Connell St,Sydney",Sydney,NSW,Consumer,Aanya Zhang,Not Specified,Security-Tint Envelopes,Office Supplies,Small Box,Regular Air,2013-09-15,4.89,7.64,44,336.16,1,3.36,336.15,1.39,337.54
5738-1,15/1/7,Sarah Brown,"10 O'Connell St,Sydney",Sydney,NSW,Consumer,Aanya Zhang,Not Specified,Beekin 6 Outlet Metallic Surge Strip,Office Supplies,Small Box,Express Air,2015-01-09,4.46,10.89,37,402.93,0,0.00,402.93,4.50,407.43
5321-1,13/11/23,Sarah Foster,"Sydney Fish Market, Bank Street, Sydney",Sydney,NSW,Corporate,Phoebe Gour,Medium,Binder Posts,Office Supplies,Small Box,Express Air,2013-11-25,3.50,5.74,27,154.98,8,12.40,154.90,5.01,159.91
6151-1,15/12/24,Sarah Foster,"Sydney Fish Market, Bank Street, Sydney",Sydney,NSW,Corporate,Phoebe Gour,Critical,Smiths General Use 3-Ring Binders,Office Supplies,Small Box,Regular Air,2015-12-26,1.18,1.88,39,73.32,7,5.13,73.25,1.49,74.74
5389-1,14/1/26,Sarah Jordon,"180 High Street,Windsor",Melbourne,VIC,Consumer,Connor Betts,Low,Aluminum Document Frame,Furniture,Small Pack,Regular Air,2014-02-02,5.50,12.22,19,232.18,9,20.90,232.09,2.85,234.94
6203-1,16/2/13,Scot Coram,"2-4 College Street, Darlinghurst",Sydney,NSW,Corporate,Nicholas Fernandes,High,Apex Box Cutter Scissors,Office Supplies,Small Pack,Express Air,2016-02-16,4.19,10.23,19,194.37,8,15.55,194.29,4.68,198.97
5087-1,13/5/14,Scot Wooten,"438 Victoria Avenue,Chatswood",Sydney,NSW,Corporate,Natasha Song,Not Specified,"DrawIt Colored Pencils, 48-Color Set",Office Supplies,Wrap Bag,Regular Air,2013-05-16,21.56,36.55,45,1644.75,10,164.48,1644.65,13.89,1658.54
5133-1,13/6/15,Scott Cohen,"240-242 Johnston Street,Fitzroy",Melbourne,VIC,Consumer,Connor Betts,High,Wirebound Voice Message Log Book,Office Supplies,Wrap Bag,Express Air,2013-06-17,2.90,4.76,27,128.52,7,9.00,128.45,0.88,129.33
5985-1,15/7/23,Scott Cohen,"240-242 Johnston Street,Fitzroy",Melbourne,VIC,Consumer,Connor Betts,Critical,Smiths General Use 3-Ring Binders,Office Supplies,Small Box,Regular Air,2015-07-24,1.18,1.88,8,15.04,5,0.75,14.99,1.49,16.48
6281-1,16/5/2,Scott Cohen,"240-242 Johnston Street,Fitzroy",Melbourne,VIC,Consumer,Connor Betts,Not Specified,Apex Preferred Stainless Steel Scissors,Office Supplies,Small Pack,Regular Air,2016-05-03,2.50,5.68,25,142.00,10,14.20,141.90,3.60,145.50
5036-1,13/3/7,Sean ODonnell,"541 Church St ,Richmond",Melbourne,VIC,Corporate,Yvette Biti,Critical,OIC Thumb-Tacks,Office Supplies,Wrap Bag,Regular Air,2013-03-10,0.71,1.14,50,57.00,6,3.42,56.94,0.70,57.64
5183-1,13/7/23,Sean ODonnell,"541 Church St ,Richmond",Melbourne,VIC,Corporate,Yvette Biti,Not Specified,Artisan Hi-Liter Smear-Safe Highlighters,Office Supplies,Wrap Bag,Regular Air,2013-07-25,2.98,5.84,11,64.24,1,0.64,64.23,0.83,65.06
5365-1,14/1/8,Sean ODonnell,"541 Church St ,Richmond",Melbourne,VIC,Corporate,Yvette Biti,Low,"Steady Colorific Colored Pencils, 12/Box",Office Supplies,Wrap Bag,Regular Air,2014-01-12,1.30,2.88,46,132.48,4,5.30,132.44,1.01,133.45
5891-1,15/5/12,Sean ODonnell,"541 Church St ,Richmond",Melbourne,VIC,Corporate,Yvette Biti,High,"Adams ""While You Were Out"" Message Pads",Office Supplies,Wrap Bag,Regular Air,2015-05-14,1.88,3.14,50,157.00,0,0.00,157.00,1.14,158.14
6449-1,16/10/23,Sean ODonnell,"541 Church St ,Richmond",Melbourne,VIC,Corporate,Yvette Biti,Low,"3Max Polarizing Task Lamp with Clamp Arm, Light Gray",Furniture,Large Box,Regular Air,2016-10-30,56.16,136.98,3,410.94,10,41.09,410.84,24.49,435.33
5024-1,13/2/18,Sean Wendt,"145 Ramsay St,Haberfield",Sydney,NSW,Corporate,Phoebe Gour,Critical,Multimedia Mailers,Office Supplies,Small Box,Regular Air,2013-02-20,99.39,162.93,32,5213.76,9,469.24,5213.67,19.99,5233.66
5200-1,13/8/6,Seth Vernon,"541 Church St,Richmond",Melbourne,VIC,Home Office,Yvette Biti,Critical,Artisan Poly Binder Pockets,Office Supplies,Small Box,Regular Air,2013-08-08,2.26,3.58,46,164.68,6,9.88,164.62,5.47,170.09
6273-1,16/4/24,Shahid Collister,"Sydney Fish Market, Bank Street, Sydney",Sydney,NSW,Home Office,Phoebe Gour,High,Self-Adhesive Ring Binder Labels,Office Supplies,Small Box,Regular Air,2016-04-26,2.18,3.52,32,112.64,7,7.88,112.57,6.83,119.40
6099-1,15/10/24,Shahid Hopkins,"438 Victoria Avenue,Chatswood",Sydney,NSW,Small Business,Natasha Song,High,Colored Envelopes,Office Supplies,Small Box,Regular Air,2015-10-26,2.25,3.69,47,173.43,0,0.00,173.43,2.50,175.93
6123-1,15/11/17,Shahid Hopkins,"438 Victoria Avenue,Chatswood",Sydney,NSW,Small Business,Natasha Song,Low,Beekin 6 Outlet Metallic Surge Strip,Office Supplies,Small Box,Regular Air,2015-11-24,4.46,10.89,10,108.90,10,10.89,108.80,4.50,113.30
5288-1,13/10/26,Shahid Shariari,"3/219 Canley Vale Road,Canley Heights",Sydney,NSW,Consumer,Mihael Khan,Not Specified,3Max Organizer Strips,Office Supplies,Small Box,Regular Air,2013-10-28,3.40,5.40,47,253.80,3,7.61,253.77,7.78,261.55
5801-1,15/2/17,Shahid Shariari,"3/219 Canley Vale Road,Canley Heights",Sydney,NSW,Corporate,Mihael Khan,Medium,Smiths SlimLine Pencil Sharpener,Office Supplies,Small Pack,Regular Air,2015-02-19,4.79,11.97,30,359.10,8,28.73,359.02,5.81,364.83
6544-1,16/12/31,Shahid Shariari,"3/219 Canley Vale Road,Canley Heights",Sydney,NSW,Corporate,Mihael Khan,Low,Smiths General Use 3-Ring Binders,Office Supplies,Small Box,Regular Air,2017-01-04,1.18,1.88,22,41.36,4,1.65,41.32,1.49,42.81
6285-1,16/5/5,Shaun Weien,"310 Wattle St,Ultimo",Sydney,NSW,Home Office,Aanya Zhang,Medium,Artisan Heavy-Duty EZD  Binder With Locking Rings,Office Supplies,Small Box,Regular Air,2016-05-07,3.52,5.58,13,72.54,6,4.35,72.48,2.99,75.47
6332-1,16/6/18,Shaun Weien,"310 Wattle St,Ultimo",Sydney,NSW,Home Office,Aanya Zhang,Low,UGen RF Keyboard,Technology,Small Box,Regular Air,2016-06-20,81.59,159.99,31,4959.69,1,49.60,4959.68,5.50,4965.18
6477-1,16/11/3,Sheri Gordon,"152 Bunnerong Road,Eastgardens",Sydney,NSW,Corporate,Tina Carlton,Not Specified,Artisan 48 Labels,Office Supplies,Small Box,Regular Air,2016-11-04,3.84,6.30,35,220.50,3,6.62,220.47,0.50,220.97
5576-1,14/8/3,Shirley Jackson,"Westfield Miranda, 600 Kingsway,Miranda",Sydney,NSW,Corporate,Preston Senome,Medium,Binder Posts,Office Supplies,Small Box,Regular Air,2014-08-04,3.50,5.74,7,40.18,4,1.61,40.14,5.01,45.15
6223-1,16/3/9,Shirley Schmidt,"60 Commercial Rd,Prahran",Melbourne,VIC,Corporate,Yvette Biti,Medium,Beekin 105-Key Black Keyboard,Technology,Small Box,Regular Air,2016-03-10,6.39,19.98,39,779.22,5,38.96,779.17,4.00,783.17
5894-1,15/5/14,Shui Tom,"1 John Street,Waterloo",Sydney,NSW,Home Office,Charlie Bui,High,Deluxe Rollaway Locking File with Drawer,Office Supplies,Small Box,Regular Air,2015-05-16,178.83,415.88,11,4574.68,6,274.48,4574.62,11.37,4585.99
5832-1,15/3/20,Sibella Parks,"180 High Street,Windsor",Melbourne,VIC,Small Business,Connor Betts,Critical,Alto Keyboard-In-A-Box,Technology,Small Box,Express Air,2015-03-21,6.40,29.10,50,1455.00,9,130.95,1454.91,4.00,1458.91
5900-1,15/5/18,Sibella Parks,"180 High Street,Windsor",Melbourne,VIC,Small Business,Connor Betts,Not Specified,Artisan Reinforcements for Hole-Punch Pages,Office Supplies,Small Box,Regular Air,2015-05-18,1.19,1.98,29,57.42,9,5.17,57.33,4.77,62.10
5220-1,13/8/24,Skye Norling,"48 Albion St,Surry Hills",Sydney,NSW,Home Office,Natasha Song,Not Specified,Apex Straight Scissors,Office Supplies,Small Pack,Regular Air,2013-08-27,5.19,12.98,45,584.10,2,11.68,584.08,3.14,587.22
5562-1,14/7/24,Sonia Sunley,"1/50-58 Hunter St,Sydney",Sydney,NSW,Small Business,Preston Senome,Critical,Smiths Metal Binder Clips,Office Supplies,Wrap Bag,Express Air,2014-07-26,1.60,2.62,25,65.50,9,5.90,65.41,0.80,66.21
6294-1,16/5/14,Sonia Sunley,"1/50-58 Hunter St,Sydney",Sydney,NSW,Corporate,Preston Senome,Not Specified,Artisan 487 Labels,Office Supplies,Small Box,Regular Air,2016-05-16,2.29,3.69,47,173.43,5,8.67,173.38,0.50,173.88
5947-1,15/6/27,Stefania Perrino,"180 High Street,Windsor",Melbourne,VIC,Corporate,Connor Betts,Medium,Artisan Hanging File Binders,Office Supplies,Small Box,Regular Air,2015-06-29,3.65,5.98,50,299.00,2,5.98,298.98,1.49,300.47
6552-1,17/1/6,Stephanie Phelps,"324A King St,Newtown",Sydney,NSW,Consumer,Mihael Khan,Medium,TechSavi Cordless Elite Duo,Technology,Small Box,Regular Air,2017-01-07,60.59,100.98,12,1211.76,0,0.00,1211.76,7.18,1218.94
5268-1,13/10/11,Stephanie Ulpright,"541 Church St ,Richmond",Melbourne,VIC,Consumer,Yvette Biti,Not Specified,Artisan Binder Labels,Office Supplies,Small Box,Regular Air,2013-10-13,2.45,3.89,2,7.78,7,0.54,7.71,7.01,14.72
5268-2,13/10/11,Stephanie Ulpright,"541 Church St ,Richmond",Melbourne,VIC,Consumer,Yvette Biti,Not Specified,Economy Rollaway Files,Office Supplies,Small Box,Regular Air,2013-10-12,67.73,165.20,6,991.20,9,89.21,991.11,19.99,1011.10
5750-1,15/1/13,Stephanie Ulpright,"541 Church St ,Richmond",Melbourne,VIC,Consumer,Yvette Biti,High,Apex Design Stainless Steel Bent Scissors,Office Supplies,Small Pack,Regular Air,2015-01-14,2.87,6.84,26,177.84,8,14.23,177.76,4.42,182.18
6483-1,16/11/8,Stephanie Ulpright,"541 Church St ,Richmond",Melbourne,VIC,Consumer,Yvette Biti,Not Specified,"Steady EarthWrite Recycled Pencils, Medium Soft, #2",Office Supplies,Wrap Bag,Regular Air,2016-11-08,0.90,2.10,27,56.70,4,2.27,56.66,0.70,57.36
6021-1,15/8/11,Steve Carroll,"Macquarie Centre Cnr Herring Road & Waterloo Road,Macquarie Park",Sydney,NSW,Consumer,Nicholas Fernandes,High,TechSavi Access Keyboard,Technology,Small Box,Express Air,2015-08-12,10.07,15.98,7,111.86,4,4.47,111.82,4.00,115.82
5460-1,14/4/6,Steve Chapman,"1/50-58 Hunter St,Sydney",Sydney,NSW,Corporate,Preston Senome,Low,"Artisan Hi-Liter Comfort Grip Fluorescent Highlighter, Yellow Ink",Office Supplies,Wrap Bag,Regular Air,2014-04-11,1.05,1.95,31,60.45,2,1.21,60.43,1.63,62.06
5131-1,13/6/15,Steve Nguyen,"61 York St,Sydney",Sydney,NSW,Small Business,Leighton Forrest,Medium,UGen Ultra Professional Cordless Optical Suite,Technology,Small Box,Regular Air,2013-06-17,156.50,300.97,5,1504.85,7,105.34,1504.78,7.18,1511.96
5411-1,14/2/13,Steve Nguyen,"61 York St,Sydney",Sydney,NSW,Consumer,Leighton Forrest,High,Artisan Hi-Liter Pen Style Six-Color Fluorescent Set,Office Supplies,Wrap Bag,Regular Air,2014-02-13,2.16,3.85,31,119.35,9,10.74,119.26,0.70,119.96
6509-1,16/12/1,Steve Nguyen,"61 York St,Sydney",Sydney,NSW,Consumer,Leighton Forrest,High,UGen Ultra Cordless Optical Suite,Technology,Small Box,Regular Air,2016-12-02,54.52,100.97,42,4240.74,10,424.07,4240.64,7.18,4247.82
6540-1,16/12/25,Steve Nguyen,"61 York St,Sydney",Sydney,NSW,Small Business,Leighton Forrest,Not Specified,Ames Color-File Green Diamond Border X-ray Mailers,Office Supplies,Small Box,Regular Air,2016-12-26,52.07,83.98,38,3191.24,0,0.00,3191.24,5.01,3196.25
6219-1,16/3/5,Steven Cartwright,"523 King St,Newtown",Sydney,NSW,Home Office,Aanya Zhang,Low,Steady Pocket Accent Highlighters,Office Supplies,Wrap Bag,Regular Air,2016-03-09,0.93,1.60,43,68.80,1,0.69,68.79,1.29,70.08
5154-1,13/7/2,Stuart Calhoun,"359 Crown Street,Surry Hills",Sydney,NSW,Consumer,Phoebe Gour,High,"Laser Neon Mac Format Diskettes, 10/Pack",Technology,Small Pack,Express Air,2013-07-03,1.87,8.12,32,259.84,8,20.79,259.76,2.83,262.59
6275-1,16/4/25,Stuart Van,"Westfield Sydney,Sydney",Sydney,NSW,Consumer,Natasha Song,Medium,"Wirebound Message Book, 4 per Page",Office Supplies,Wrap Bag,Regular Air,2016-04-27,3.48,5.43,37,200.91,9,18.08,200.82,0.95,201.77
6175-1,16/1/19,Sue Ann Reed,"501 George St,Sydney",Sydney,NSW,Consumer,Samantha Chairs,Critical,Office Shears by Apex,Office Supplies,Small Pack,Regular Air,2016-01-19,0.94,2.08,33,68.64,5,3.43,68.59,2.56,71.15
5292-1,13/10/29,Sung Chung,"127 Liverpool St,Sydney",Sydney,NSW,Home Office,Samantha Chairs,Critical,Artisan 481 Labels,Office Supplies,Small Box,Regular Air,2013-10-30,1.94,3.08,41,126.28,4,5.05,126.24,0.99,127.23
6560-1,17/1/18,Sung Chung,"127 Liverpool St,Sydney",Sydney,NSW,Home Office,Samantha Chairs,Not Specified,OIC Thumb-Tacks,Office Supplies,Wrap Bag,Express Air,2017-01-20,0.71,1.14,14,15.96,0,0.00,15.96,0.70,16.66
6096-1,15/10/21,Sung Shariari,"6/15 Cross Street,Double Bay",Sydney,NSW,Corporate,Leighton Forrest,High,Smiths General Use 3-Ring Binders,Office Supplies,Small Box,Regular Air,2015-10-23,1.18,1.88,6,11.28,7,0.79,11.21,1.49,12.70
6244-1,16/3/29,Sung Shariari,"6/15 Cross Street,Double Bay",Sydney,NSW,Corporate,Leighton Forrest,Critical,Apex Straight Scissors,Office Supplies,Small Pack,Regular Air,2016-03-30,5.19,12.98,45,584.10,5,29.21,584.05,3.14,587.19
6370-1,16/8/11,Sung Shariari,"6/15 Cross Street,Double Bay",Sydney,NSW,Corporate,Leighton Forrest,Medium,Bagged Rubber Bands,Office Supplies,Wrap Bag,Regular Air,2016-08-13,0.24,1.26,34,42.84,0,0.00,42.84,0.70,43.54
5404-1,14/2/9,Susan MacKendrick,"53 Riley Street,Woolloomooloo",Sydney,NSW,Corporate,Tina Carlton,Low,Artisan Poly Binder Pockets,Office Supplies,Small Box,Regular Air,2014-02-13,2.26,3.58,42,150.36,1,1.50,150.35,5.47,155.82
5821-1,15/3/12,Susan Pistek,"2a/285A Crown St,Surry Hills",Sydney,NSW,Home Office,Phoebe Gour,Critical,Artisan 481 Labels,Office Supplies,Small Box,Regular Air,2015-03-13,1.94,3.08,4,12.32,3,0.37,12.29,0.99,13.28
6345-1,16/7/2,Susan Pistek,"2a/285A Crown St,Surry Hills",Sydney,NSW,Home Office,Phoebe Gour,High,Artisan 474 Labels,Office Supplies,Small Box,Regular Air,2016-07-04,1.84,2.88,18,51.84,3,1.56,51.81,0.99,52.80
5019-1,13/2/13,Susan Vittorini,"3 Carrington Road ,Box Hill",Melbourne,VIC,Home Office,Yvette Biti,High,Cando S750 Color Inkjet Printer,Technology,Jumbo Drum,Delivery Truck,2013-02-15,75.00,120.97,6,725.82,8,58.07,725.74,26.30,752.04
5978-1,15/7/18,Susan Vittorini,"3 Carrington Road ,Box Hill",Melbourne,VIC,Corporate,Yvette Biti,High,Artisan Poly Binder Pockets,Office Supplies,Small Box,Regular Air,2015-07-20,2.26,3.58,43,153.94,8,12.32,153.86,5.47,159.33
5396-1,14/2/2,Suzanne McNair,"Crown Complex,Southbank",Melbourne,VIC,Small Business,Connor Betts,Low,Colored Envelopes,Office Supplies,Small Box,Regular Air,2014-02-07,2.25,3.69,20,73.80,8,5.90,73.72,2.50,76.22
5884-1,15/5/3,Suzanne McNair,"Crown Complex,Southbank",Melbourne,VIC,Corporate,Connor Betts,Critical,TechSavi Access Keyboard,Technology,Small Box,Regular Air,2015-05-05,10.07,15.98,26,415.48,3,12.46,415.45,4.00,419.45
5274-1,13/10/13,Sylvia Foulston,"152 Bunnerong Road,Eastgardens",Sydney,NSW,Corporate,Tina Carlton,Critical,300 Series Non-Flip,Technology,Small Box,Regular Air,2013-10-14,62.40,155.99,48,7487.52,4,299.50,7487.48,8.08,7495.56
5274-2,13/10/13,Sylvia Foulston,"152 Bunnerong Road,Eastgardens",Sydney,NSW,Corporate,Tina Carlton,Critical,3Max Organizer Strips,Office Supplies,Small Box,Regular Air,2013-10-13,3.40,5.40,8,43.20,8,3.46,43.12,7.78,50.90
5030-1,13/2/24,Sylvia Foulston,"152 Bunnerong Road,Eastgardens",Sydney,NSW,Corporate,Tina Carlton,Medium,Assorted Color Push Pins,Office Supplies,Wrap Bag,Regular Air,2013-02-25,0.87,1.81,41,74.21,3,2.23,74.18,0.75,74.93
6429-1,16/10/8,Sylvia Foulston,"152 Bunnerong Road,Eastgardens",Sydney,NSW,Corporate,Tina Carlton,High,Brown Kraft Recycled Envelopes,Office Supplies,Small Box,Regular Air,2016-10-08,11.04,16.98,43,730.14,9,65.71,730.05,12.39,742.44
5933-1,15/6/11,Tamara Chand,"96 Liverpool St,Sydney",Sydney,NSW,Consumer,Samantha Chairs,Low,Apex Office Executive Series Stainless Steel Trimmers,Office Supplies,Small Pack,Regular Air,2015-06-11,3.51,8.57,22,188.54,10,18.85,188.44,6.14,194.58
5018-1,13/2/12,Tamara Dahlen,"61 York St,Sydney",Sydney,NSW,Corporate,Leighton Forrest,Critical,"Message Book, One Form per Page",Office Supplies,Wrap Bag,Express Air,2013-02-14,2.41,3.71,42,155.82,7,10.91,155.75,1.93,157.68
6103-1,15/10/31,Tamara Manning,"184 King Street,Newtown",Sydney,NSW,Corporate,Charlie Bui,High,UGen Ultra Professional Cordless Optical Suite,Technology,Small Box,Regular Air,2015-11-01,156.50,300.97,23,6922.31,6,415.34,6922.25,7.18,6929.43
5279-1,13/10/20,Tamara Willingham,"Sydney Fish Market, Bank Street, Sydney",Sydney,NSW,Corporate,Phoebe Gour,Medium,Artisan Hanging File Binders,Office Supplies,Small Box,Regular Air,2013-10-21,3.65,5.98,21,125.58,2,2.51,125.56,1.49,127.05
6174-1,16/1/19,Tamara Willingham,"Sydney Fish Market, Bank Street, Sydney",Sydney,NSW,Corporate,Phoebe Gour,High,Beekin 6 Outlet Metallic Surge Strip,Office Supplies,Small Box,Regular Air,2016-01-19,4.46,10.89,25,272.25,3,8.17,272.22,4.50,276.72
5323-1,13/11/27,Tanja Norvell,"541 Church St,Richmond",Melbourne,VIC,Consumer,Yvette Biti,Critical,UGen RF Keyboard,Technology,Small Box,Regular Air,2013-11-29,81.59,159.99,50,7999.50,5,399.98,7999.45,5.50,8004.95
6012-1,15/8/8,Tanja Norvell,"541 Church St,Richmond",Melbourne,VIC,Corporate,Yvette Biti,High,Artisan Printable Repositionable Plastic Tabs,Office Supplies,Small Box,Express Air,2015-08-09,5.33,8.60,15,129.00,4,5.16,128.96,6.19,135.15
6453-1,16/10/25,Tanja Norvell,"541 Church St,Richmond",Melbourne,VIC,Corporate,Yvette Biti,Critical,Artisan 479 Labels,Office Supplies,Small Box,Express Air,2016-10-27,1.59,2.61,25,65.25,4,2.61,65.21,0.50,65.71
5042-1,13/3/21,Thais Sissman,"53-55 Liverpool St,Sydney",Sydney,NSW,Small Business,Tina Carlton,Low,Aluminum Document Frame,Furniture,Small Pack,Regular Air,2013-03-28,5.50,12.22,5,61.10,4,2.44,61.06,2.85,63.91
5101-1,13/5/22,Thais Sissman,"53-55 Liverpool St,Sydney",Sydney,NSW,Small Business,Tina Carlton,Critical,"Alto Parchment Paper, Assorted Colors",Office Supplies,Small Box,Express Air,2013-05-23,4.59,7.28,2,14.56,8,1.16,14.48,11.15,25.63
5191-1,13/7/28,Thais Sissman,"53-55 Liverpool St,Sydney",Sydney,NSW,Corporate,Tina Carlton,Not Specified,Fluorescent Highlighters by DrawIt,Office Supplies,Wrap Bag,Regular Air,2013-07-30,1.95,3.98,30,119.40,10,11.94,119.30,0.83,120.13
5863-1,15/4/19,Thais Sissman,"53-55 Liverpool St,Sydney",Sydney,NSW,Corporate,Tina Carlton,Not Specified,Beekin 105-Key Black Keyboard,Technology,Small Box,Express Air,2015-04-19,6.39,19.98,6,119.88,8,9.59,119.80,4.00,123.80
6303-1,16/5/22,Thais Sissman,"53-55 Liverpool St,Sydney",Sydney,NSW,Corporate,Tina Carlton,Medium,Beekin 6 Outlet Metallic Surge Strip,Office Supplies,Small Box,Regular Air,2016-05-24,4.46,10.89,1,10.89,0,0.00,10.89,4.50,15.39
6351-1,16/7/7,Thea Hendricks,"412 Brunswick St,Fitzroy",Melbourne,VIC,Home Office,Connor Betts,High,Pizazz Dustless Chalk Sticks,Office Supplies,Wrap Bag,Regular Air,2016-07-08,1.09,1.68,50,84.00,9,7.56,83.91,1.00,84.91
6432-1,16/10/12,Thea Hendricks,"412 Brunswick St,Fitzroy",Melbourne,VIC,Home Office,Connor Betts,Not Specified,TypeRight Side-Opening Peel & Seel Expanding Envelopes,Office Supplies,Small Box,Regular Air,2016-10-14,54.29,90.48,25,2262.00,2,45.24,2261.98,19.99,2281.97
5081-1,13/5/9,Thea Hudgings,"240-242 Johnston Street,Fitzroy",Melbourne,VIC,Consumer,Connor Betts,Critical,Pizazz Dustless Chalk Sticks,Office Supplies,Wrap Bag,Regular Air,2013-05-11,1.09,1.68,18,30.24,6,1.81,30.18,1.00,31.18
5718-1,14/12/22,Theone Pippenger,"188 Pitt Street,Sydney",Sydney,NSW,Corporate,Tina Carlton,Medium,Colored Push Pins,Office Supplies,Wrap Bag,Regular Air,2014-12-23,0.92,1.81,48,86.88,10,8.69,86.78,1.56,88.34
6531-1,16/12/17,Theresa Coyne,"Hoyts Entertainment Quarter 122 Lang Road,Moore Park",Sydney,NSW,Home Office,Tina Carlton,High,EcoTones Memo Sheets,Office Supplies,Wrap Bag,Regular Air,2016-12-19,2.52,4.00,28,112.00,4,4.48,111.96,1.30,113.26
6586-1,17/2/7,Theresa Swint,"240-242 Johnston Street,Fitzroy",Melbourne,VIC,Consumer,Connor Betts,Medium,Binder Clips by OIC,Office Supplies,Wrap Bag,Regular Air,2017-02-07,0.93,1.48,10,14.80,10,1.48,14.70,0.70,15.40
5053-1,13/4/26,Thomas Boland,"3/219 Canley Vale Road,Canley Heights",Sydney,NSW,Corporate,Mihael Khan,Critical,1726 Digital Answering Machine,Technology,Medium Box,Regular Air,2013-04-26,8.82,20.99,19,398.81,1,3.99,398.80,4.81,403.61
5083-1,13/5/10,Thomas Boland,"3/219 Canley Vale Road,Canley Heights",Sydney,NSW,Corporate,Mihael Khan,Not Specified,UGen Ultra Cordless Optical Suite,Technology,Small Box,Regular Air,2013-05-11,54.52,100.97,15,1514.55,10,151.46,1514.45,7.18,1521.63
5314-1,13/11/18,Thomas Boland,"3/219 Canley Vale Road,Canley Heights",Sydney,NSW,Corporate,Mihael Khan,High,"TypeRight  Top-Opening Peel & Seel  Envelopes, Gray",Office Supplies,Small Box,Regular Air,2013-11-20,21.56,35.94,19,682.86,9,61.46,682.77,6.66,689.43
5909-1,15/5/22,Thomas Boland,"3/219 Canley Vale Road,Canley Heights",Sydney,NSW,Corporate,Mihael Khan,Critical,Smiths Bulldog Clip,Office Supplies,Wrap Bag,Regular Air,2015-05-24,2.31,3.78,19,71.82,3,2.15,71.79,0.71,72.50
5814-1,15/3/2,Thomas Thornton,"222 Barkly St,St Kilda",Melbourne,VIC,Consumer,Yvette Biti,Critical,"Steady Colorific Colored Pencils, 12/Box",Office Supplies,Wrap Bag,Regular Air,2015-03-04,1.30,2.88,43,123.84,10,12.38,123.74,1.01,124.75
6272-1,16/4/23,Thomas Thornton,"222 Barkly St,St Kilda",Melbourne,VIC,Consumer,Yvette Biti,Not Specified,Smiths Gold Paper Clips,Office Supplies,Wrap Bag,Regular Air,2016-04-24,1.82,2.98,32,95.36,1,0.95,95.35,1.58,96.93
5730-1,14/12/28,Tim Taslimi,"188 Pitt Street,Sydney",Sydney,NSW,Corporate,Tina Carlton,Not Specified,Desktop 3-Pocket Hot File,Office Supplies,Small Box,Regular Air,2014-12-28,22.18,54.10,5,270.50,4,10.82,270.46,19.99,290.45
5682-1,14/11/10,Toby Carlisle,"6/15 Cross Street,Double Bay",Sydney,NSW,Home Office,Leighton Forrest,High,HFX LaserJet 3310 Copier,Technology,Large Box,Regular Air,2014-11-12,377.99,599.99,20,11999.80,7,839.99,11999.73,24.49,12024.22
6274-1,16/4/25,Toby Carlisle,"6/15 Cross Street,Double Bay",Sydney,NSW,Home Office,Leighton Forrest,Not Specified,TechSavi Access Keyboard,Technology,Small Box,Regular Air,2016-04-26,8.31,15.98,18,287.64,10,28.76,287.54,6.50,294.04
6001-1,15/7/29,Toby Grace,"324A King St,Newtown",Sydney,NSW,Home Office,Mihael Khan,Not Specified,TypeRight Side-Opening Peel & Seel Expanding Envelopes,Office Supplies,Small Box,Regular Air,2015-07-30,54.29,90.48,15,1357.20,1,13.57,1357.19,19.99,1377.18
5290-1,13/10/28,Toby Knight,"Crown Complex,Southbank",Melbourne,VIC,Corporate,Connor Betts,High,"Laser Neon Mac Format Diskettes, 10/Pack",Technology,Small Pack,Regular Air,2013-10-29,1.87,8.12,37,300.44,0,0.00,300.44,2.83,303.27
5318-1,13/11/20,Toby Knight,"Crown Complex,Southbank",Melbourne,VIC,Corporate,Connor Betts,Not Specified,Steady Liquid Accent Highlighters,Office Supplies,Wrap Bag,Regular Air,2013-11-21,3.47,6.68,15,100.20,3,3.01,100.17,1.50,101.67
6237-1,16/3/25,Toby Knight,"Crown Complex,Southbank",Melbourne,VIC,Corporate,Connor Betts,Not Specified,Smiths Bulldog Clip,Office Supplies,Wrap Bag,Regular Air,2016-03-25,2.31,3.78,28,105.84,0,0.00,105.84,0.71,106.55
5027-1,13/2/22,Toby Swindell,"273 George Street,Sydney",Sydney,NSW,Small Business,Leighton Forrest,Not Specified,TypeRight Side-Opening Peel & Seel Expanding Envelopes,Office Supplies,Small Box,Regular Air,2013-02-23,54.29,90.48,8,723.84,7,50.67,723.77,19.99,743.76
5440-1,14/3/15,Toby Swindell,"273 George Street,Sydney",Sydney,NSW,Small Business,Leighton Forrest,Critical,Binder Posts,Office Supplies,Small Box,Regular Air,2014-03-15,3.50,5.74,45,258.30,0,0.00,258.30,5.01,263.31
5525-1,14/6/18,Toby Swindell,"273 George Street,Sydney",Sydney,NSW,Small Business,Leighton Forrest,Critical,"Adams ""While You Were Out"" Message Pads",Office Supplies,Wrap Bag,Regular Air,2014-06-18,1.88,3.14,32,100.48,3,3.01,100.45,1.14,101.59
5724-1,14/12/27,Todd Boyes,"Westfield Miranda, 600 Kingsway,Miranda",Sydney,NSW,Small Business,Preston Senome,High,"Multi-Use Personal File Cart and Caster Set, Three Stacking Bins",Office Supplies,Small Box,Regular Air,2014-12-27,14.95,34.76,10,347.60,3,10.43,347.57,8.22,355.79
5724-2,14/12/27,Todd Boyes,"Westfield Miranda, 600 Kingsway,Miranda",Sydney,NSW,Small Business,Preston Senome,High,Smiths Bulldog Clip,Office Supplies,Wrap Bag,Regular Air,2014-12-29,2.31,3.78,41,154.98,2,3.10,154.96,0.71,155.67
6445-1,16/10/22,Todd Boyes,"Westfield Miranda, 600 Kingsway,Miranda",Sydney,NSW,Small Business,Preston Senome,Not Specified,Artisan 479 Labels,Office Supplies,Small Box,Regular Air,2016-10-24,1.59,2.61,44,114.84,7,8.04,114.77,0.50,115.27
5835-1,15/3/22,Tom Ashbrook,"Westfield Sydney,Sydney",Sydney,NSW,Home Office,Natasha Song,High,"Alto Parchment Paper, Assorted Colors",Office Supplies,Small Box,Express Air,2015-03-23,4.59,7.28,40,291.20,4,11.65,291.16,11.15,302.31
5303-1,13/11/9,Tom Prescott,"8 Rankins Lane ,Melbourne",Melbourne,VIC,Small Business,Connor Betts,Low,Alto Memo Cubes,Office Supplies,Wrap Bag,Regular Air,2013-11-09,3.32,5.18,8,41.44,6,2.49,41.38,2.04,43.42
5787-1,15/2/3,Tom Stivers,"21 Wentworth St,Parramatta",Sydney,NSW,Corporate,Aanya Zhang,Low,Smiths SlimLine Pencil Sharpener,Office Supplies,Small Pack,Regular Air,2015-03-02,4.79,11.97,17,203.49,3,6.10,203.46,5.81,209.27
5851-1,15/4/10,Tom Stivers,"21 Wentworth St,Parramatta",Sydney,NSW,Small Business,Aanya Zhang,Critical,Beekin 105-Key Black Keyboard,Technology,Small Box,Regular Air,2015-04-12,6.39,19.98,35,699.30,10,69.93,699.20,4.00,703.20
5588-1,14/8/11,Tonja Turnell,"221 Barkly St,St Kilda",Melbourne,VIC,Consumer,Yvette Biti,High,Wirebound Voice Message Log Book,Office Supplies,Wrap Bag,Express Air,2014-08-13,2.90,4.76,11,52.36,8,4.19,52.28,0.88,53.16
5345-1,13/12/17,Tony Molinari,"85-113 Dunning Ave,Rosebery",Sydney,NSW,Corporate,Mihael Khan,Critical,Artisan Printable Repositionable Plastic Tabs,Office Supplies,Small Box,Regular Air,2013-12-19,5.33,8.60,23,197.80,2,3.96,197.78,6.19,203.97
5206-1,13/8/9,Tony Sayre,"499-501 Lygon Street,Carlton North",Melbourne,VIC,Small Business,Yvette Biti,Low,Cando PC940 Copier,Technology,Large Box,Regular Air,2013-08-13,216.00,449.99,40,17999.60,4,719.98,17999.56,24.49,18024.05
5834-1,15/3/21,Tony Sayre,"499-501 Lygon Street,Carlton North",Melbourne,VIC,Small Business,Yvette Biti,Critical,Steady Major Accent Highlighters,Office Supplies,Wrap Bag,Regular Air,2015-03-22,3.75,7.08,31,219.48,1,2.19,219.47,2.35,221.82
6209-1,16/2/17,Tony Sayre,"499-501 Lygon Street,Carlton North",Melbourne,VIC,Home Office,Yvette Biti,Not Specified,Smiths Metal Binder Clips,Office Supplies,Wrap Bag,Regular Air,2016-02-18,1.60,2.62,48,125.76,10,12.58,125.66,0.80,126.46
6430-1,16/10/11,Tony Sayre,"499-501 Lygon Street,Carlton North",Melbourne,VIC,Small Business,Yvette Biti,Low,Smiths Bulldog Clip,Office Supplies,Wrap Bag,Regular Air,2016-10-15,2.31,3.78,22,83.16,10,8.32,83.06,0.71,83.77
6497-1,16/11/20,Tony Sayre,"499-501 Lygon Street,Carlton North",Melbourne,VIC,Home Office,Yvette Biti,Critical,"Artisan Hi-Liter Comfort Grip Fluorescent Highlighter, Yellow Ink",Office Supplies,Wrap Bag,Regular Air,2016-11-21,1.05,1.95,20,39.00,6,2.34,38.94,1.63,40.57
5479-1,14/5/6,Tracy Blumstein,"Hoyts Entertainment Quarter 122 Lang Road,Moore Park",Sydney,NSW,Home Office,Tina Carlton,Not Specified,Artisan Poly Binder Pockets,Office Supplies,Small Box,Regular Air,2014-05-08,2.26,3.58,25,89.50,0,0.00,89.50,5.47,94.97
5479-2,14/5/6,Tracy Blumstein,"Hoyts Entertainment Quarter 122 Lang Road,Moore Park",Sydney,NSW,Home Office,Tina Carlton,Not Specified,Assorted Color Push Pins,Office Supplies,Wrap Bag,Regular Air,2014-05-08,0.87,1.81,45,81.45,8,6.52,81.37,0.75,82.12
6007-1,15/8/2,Tracy Collins,"Crown Complex,Southbank",Melbourne,VIC,Consumer,Connor Betts,Not Specified,Xit Blank Computer Paper,Office Supplies,Small Box,Regular Air,2015-08-04,12.39,19.98,44,879.12,7,61.54,879.05,5.77,884.82
5816-1,15/3/4,Tracy Poddar,"834 Bourke St,Waterloo",Sydney,NSW,Corporate,Charlie Bui,High,Artisan Hi-Liter Pen Style Six-Color Fluorescent Set,Office Supplies,Wrap Bag,Regular Air,2015-03-06,2.16,3.85,4,15.40,9,1.39,15.31,0.70,16.01
6542-1,16/12/28,Tracy Zic,"24 Addison Rd,Marrickville",Sydney,NSW,Consumer,Radhya Staples,Medium,Pizazz Drawing Pencil Set,Office Supplies,Wrap Bag,Regular Air,2016-12-29,1.17,2.78,48,133.44,3,4.00,133.41,1.20,134.61
5442-1,14/3/17,Troy Blackwell,"3/219 Canley Vale Road,Canley Heights",Sydney,NSW,Home Office,Mihael Khan,Critical,12 Colored Short Pencils,Office Supplies,Wrap Bag,Regular Air,2014-03-18,1.09,2.60,43,111.80,1,1.12,111.79,2.40,114.19
5745-1,15/1/11,Troy Blackwell,"3/219 Canley Vale Road,Canley Heights",Sydney,NSW,Home Office,Mihael Khan,Not Specified,"Steady EarthWrite Recycled Pencils, Medium Soft, #2",Office Supplies,Wrap Bag,Regular Air,2015-01-13,0.90,2.10,23,48.30,6,2.90,48.24,0.70,48.94
5066-1,13/5/2,Troy Staebel,"1-2/299 Sussex St,Sydney",Sydney,NSW,Small Business,Aanya Zhang,Critical,TypeRight Side-Opening Peel & Seel Expanding Envelopes,Office Supplies,Small Box,Regular Air,2013-05-03,54.29,90.48,15,1357.20,5,67.86,1357.15,19.99,1377.14
6422-1,16/9/28,Troy Staebel,"1-2/299 Sussex St,Sydney",Sydney,NSW,Small Business,Aanya Zhang,High,Smiths Colored Interoffice Envelopes,Office Supplies,Small Box,Regular Air,2016-09-30,19.83,30.98,30,929.40,3,27.88,929.37,19.51,948.88
5647-1,14/10/9,Trudy Bell,"Macquarie Centre Cnr Herring Road & Waterloo Road,Macquarie Park",Sydney,NSW,Consumer,Nicholas Fernandes,High,Apex Box Cutter Scissors,Office Supplies,Small Pack,Regular Air,2014-10-09,4.19,10.23,37,378.51,8,30.28,378.43,4.68,383.11
5326-1,13/12/5,Trudy Brown,"180 High Street,Windsor",Melbourne,VIC,Small Business,Connor Betts,Not Specified,Steady 52201 APSCO Electric Pencil Sharpener,Office Supplies,Small Pack,Express Air,2013-12-07,16.80,40.97,49,2007.53,9,180.68,2007.44,8.99,2016.43
5357-1,13/12/30,Trudy Brown,"180 High Street,Windsor",Melbourne,VIC,Small Business,Connor Betts,Low,Artisan Legal 4-Ring Binder,Office Supplies,Small Box,Regular Air,2013-12-30,13.64,20.98,23,482.54,3,14.48,482.51,1.49,484.00
5818-1,15/3/6,Trudy Brown,"180 High Street,Windsor",Melbourne,VIC,Small Business,Connor Betts,High,Artisan Printable Repositionable Plastic Tabs,Office Supplies,Small Box,Regular Air,2015-03-07,5.33,8.60,2,17.20,5,0.86,17.15,6.19,23.34
5861-1,15/4/18,Trudy Schmidt,"333-339 Enmore Rd,Marrickville",Sydney,NSW,Small Business,Preston Senome,Medium,Binder Posts,Office Supplies,Small Box,Regular Air,2015-04-18,3.50,5.74,23,132.02,6,7.92,131.96,5.01,136.97
5214-1,13/8/17,Valerie Dominguez,"152 Bunnerong Road,Eastgardens",Sydney,NSW,Corporate,Tina Carlton,Not Specified,EcoTones Memo Sheets,Office Supplies,Wrap Bag,Regular Air,2013-08-17,2.52,4.00,41,164.00,2,3.28,163.98,1.30,165.28
5596-1,14/8/26,Valerie Dominguez,"152 Bunnerong Road,Eastgardens",Sydney,NSW,Corporate,Tina Carlton,Medium,TechSavi Access Keyboard,Technology,Small Box,Regular Air,2014-08-26,10.07,15.98,46,735.08,2,14.70,735.06,4.00,739.06
6138-1,15/12/8,Valerie Dominguez,"152 Bunnerong Road,Eastgardens",Sydney,NSW,Corporate,Tina Carlton,Low,Smiths Metal Binder Clips,Office Supplies,Wrap Bag,Regular Air,2015-12-12,1.60,2.62,26,68.12,8,5.45,68.04,0.80,68.84
6415-1,16/9/25,Valerie Dominguez,"152 Bunnerong Road,Eastgardens",Sydney,NSW,Corporate,Tina Carlton,Critical,Beekin 6 Outlet Metallic Surge Strip,Office Supplies,Small Box,Regular Air,2016-09-26,4.46,10.89,19,206.91,7,14.48,206.84,4.50,211.34
5843-1,15/4/4,Valerie Mitchum,"Westfield Sydney,Sydney",Sydney,NSW,Home Office,Natasha Song,Medium,Cando S750 Color Inkjet Printer,Technology,Jumbo Drum,Delivery Truck,2015-04-05,75.00,120.97,38,4596.86,9,413.72,4596.77,26.30,4623.07
6473-1,16/11/2,Valerie Mitchum,"Westfield Sydney,Sydney",Sydney,NSW,Home Office,Natasha Song,Not Specified,Steady 52201 APSCO Electric Pencil Sharpener,Office Supplies,Small Pack,Regular Air,2016-11-04,16.80,40.97,26,1065.22,6,63.91,1065.16,8.99,1074.15
6276-1,16/4/27,Valerie Takahito,"Crown Complex,Southbank",Melbourne,VIC,Consumer,Yvette Biti,High,Colored Envelopes,Office Supplies,Small Box,Regular Air,2016-04-28,2.25,3.69,46,169.74,4,6.79,169.70,2.50,172.20
5651-1,14/10/15,Vicky Freymann,"501 George St,Sydney",Sydney,NSW,Home Office,Samantha Chairs,Low,Ames Color-File Green Diamond Border X-ray Mailers,Office Supplies,Small Box,Express Air,2014-10-19,52.07,83.98,34,2855.32,6,171.32,2855.26,5.01,2860.27
6322-1,16/6/13,Vicky Freymann,"501 George St,Sydney",Sydney,NSW,Home Office,Samantha Chairs,Critical,Adesso Programmable 142-Key Keyboard,Technology,Small Box,Regular Air,2016-06-15,32.02,152.48,12,1829.76,10,182.98,1829.66,4.00,1833.66
6056-1,15/9/4,Victor Price,"180 High Street,Windsor",Melbourne,VIC,Consumer,Connor Betts,Medium,Cando S750 Color Inkjet Printer,Technology,Jumbo Drum,Delivery Truck,2015-09-06,75.00,120.97,46,5564.62,7,389.52,5564.55,26.30,5590.85
5239-1,13/9/12,Victoria Brennan,"Westfield 1 Anderson St,Chatswood",Sydney,NSW,Small Business,Nicholas Fernandes,Critical,Beekin 6 Outlet Metallic Surge Strip,Office Supplies,Small Box,Regular Air,2013-09-14,4.46,10.89,37,402.93,10,40.29,402.83,4.50,407.33
5299-1,13/11/5,Victoria Pisteka,"Westfield Sydney,Sydney",Sydney,NSW,Corporate,Natasha Song,Not Specified,Artisan 487 Labels,Office Supplies,Small Box,Regular Air,2013-11-07,2.29,3.69,42,154.98,4,6.20,154.94,0.50,155.44
5612-1,14/9/10,Victoria Pisteka,"Westfield Sydney,Sydney",Sydney,NSW,Corporate,Natasha Song,Not Specified,3Max Polarizing Light Filter Sleeves,Furniture,Small Pack,Regular Air,2014-09-12,11.38,18.65,7,130.55,1,1.31,130.54,3.77,134.31
5566-1,14/7/26,Victoria Wilson,"1/160 Anzac Parade,Kensington",Sydney,NSW,Home Office,Natasha Song,Low,HFX LaserJet 3310 Copier,Technology,Large Box,Regular Air,2014-08-04,377.99,599.99,25,14999.75,7,1049.98,14999.68,24.49,15024.17
5566-2,14/7/26,Victoria Wilson,"1/160 Anzac Parade,Kensington",Sydney,NSW,Home Office,Natasha Song,Low,Smiths Metal Binder Clips,Office Supplies,Wrap Bag,Regular Air,2014-08-02,1.60,2.62,10,26.20,8,2.10,26.12,0.80,26.92
5708-1,14/12/6,Vivek Gonzalez,"53 Riley Street,Woolloomooloo",Sydney,NSW,Consumer,Tina Carlton,Not Specified,Artisan Round Ring Poly Binders,Office Supplies,Small Box,Express Air,2014-12-08,1.82,2.84,21,59.64,1,0.60,59.63,5.44,65.07
6324-1,16/6/14,Vivek Grady,"99 Lygon Street,East Brunswick",Melbourne,VIC,Home Office,Connor Betts,Low,1726 Digital Answering Machine,Technology,Medium Box,Regular Air,2016-06-14,8.82,20.99,2,41.98,1,0.42,41.97,4.81,46.78
6328-1,16/6/14,Vivek Grady,"99 Lygon Street,East Brunswick",Melbourne,VIC,Home Office,Connor Betts,Low,OIC Thumb-Tacks,Office Supplies,Wrap Bag,Regular Air,2016-06-19,0.71,1.14,31,35.34,7,2.47,35.27,0.70,35.97
6108-1,15/11/6,Vivek Grady,"99 Lygon Street,East Brunswick",Melbourne,VIC,Corporate,Connor Betts,High,TechSavi Cordless Access Keyboard,Technology,Small Box,Express Air,2015-11-06,14.70,29.99,20,599.80,4,23.99,599.76,5.50,605.26
6141-1,15/12/9,Vivek Grady,"99 Lygon Street,East Brunswick",Melbourne,VIC,Home Office,Connor Betts,Medium,Alliance Rubber Bands,Office Supplies,Wrap Bag,Express Air,2015-12-10,0.32,1.68,6,10.08,5,0.50,10.03,1.02,11.05
6376-1,16/8/18,Vivek Grady,"99 Lygon Street,East Brunswick",Melbourne,VIC,Home Office,Connor Betts,Low,Colored Envelopes,Office Supplies,Small Box,Regular Air,2016-08-22,2.25,3.69,16,59.04,2,1.18,59.02,2.50,61.52
5477-1,14/5/2,Vivek Sundaresam,"152 Bunnerong Road,Eastgardens",Sydney,NSW,Home Office,Tina Carlton,Critical,"OIC Colored Binder Clips, Assorted Sizes",Office Supplies,Wrap Bag,Regular Air,2014-05-03,2.29,3.58,15,53.70,5,2.69,53.65,1.63,55.28
5604-1,14/9/2,Vivek Sundaresam,"152 Bunnerong Road,Eastgardens",Sydney,NSW,Home Office,Tina Carlton,Low,TechSavi Access Keyboard,Technology,Small Box,Regular Air,2014-09-04,10.07,15.98,29,463.42,4,18.54,463.38,4.00,467.38
5201-1,13/8/7,Vivian Mathis,"Crown Complex,Southbank",Melbourne,VIC,Home Office,Yvette Biti,High,Barrel Sharpener,Office Supplies,Small Pack,Regular Air,2013-08-09,1.46,3.57,23,82.11,9,7.39,82.02,4.17,86.19
5063-1,13/5/1,William Brown,"3 Carrington Road ,Box Hill",Melbourne,VIC,Corporate,Yvette Biti,Not Specified,Smiths SlimLine Pencil Sharpener,Office Supplies,Small Pack,Regular Air,2013-05-03,4.79,11.97,7,83.79,5,4.19,83.74,5.81,89.55
5544-1,14/6/29,William Brown,"3 Carrington Road ,Box Hill",Melbourne,VIC,Corporate,Yvette Biti,Not Specified,TechSavi Cordless Access Keyboard,Technology,Small Box,Regular Air,2014-06-30,14.70,29.99,20,599.80,0,0.00,599.80,5.50,605.30
6100-1,15/10/28,William Brown,"3 Carrington Road ,Box Hill",Melbourne,VIC,Corporate,Yvette Biti,Not Specified,HFX 6S Scientific Calculator,Technology,Medium Box,Regular Air,2015-10-30,7.92,12.99,46,597.54,1,5.98,597.53,9.44,606.97
5469-1,14/4/15,Xylona Price,"98-104 Parramatta Rd,Camperdown",Sydney,NSW,Corporate,Phoebe Gour,High,TechSavi Internet Navigator Keyboard,Technology,Small Box,Regular Air,2014-04-16,6.51,30.98,36,1115.28,0,0.00,1115.28,6.50,1121.78
5415-1,14/2/15,Yana Sorensen,"53-55 Liverpool St,Sydney",Sydney,NSW,Corporate,Tina Carlton,Low,Creator Colored Pencils,Office Supplies,Wrap Bag,Express Air,2014-02-20,1.57,3.28,44,144.32,0,0.00,144.32,0.98,145.30
6074-1,15/9/26,Yana Sorensen,"53-55 Liverpool St,Sydney",Sydney,NSW,Corporate,Tina Carlton,High,3Max Organizer Strips,Office Supplies,Small Box,Regular Air,2015-09-28,3.40,5.40,10,54.00,4,2.16,53.96,7.78,61.74